DP_KEY,ICD_ROOT,ICD_DESCRIPTION,REPRESENTATIVE_ICD,PROC_GROUP,n,n_valid,n_null,n_total,count_1,count_2,count_3,count_4,count_5,mode_los,mode_conf,HAL_0.90,feasible_levels
10,H44,"Unspecified purulent endophthalmitis, right eye",H44.001,ESTAO,158,158,158,316,0,0,71,87,0,4,0.5506329113924051,4,"3,4"
10,H33,"Unspecified retinal detachment with retinal break, right eye",H33.001,ESTAO,65,65,65,130,0,0,32,33,0,4,0.5076923076923077,4,"3,4"
10,E75,"GM2 gangliosidosis, unspecified",E75.00,ESTAO,26,26,26,52,0,0,12,14,0,4,0.5384615384615384,4,"3,4"
10,H44,"Unspecified purulent endophthalmitis, right eye",H44.001,ESTAV,158,158,158,316,0,0,71,87,0,4,0.5506329113924051,4,"3,4"
10,H33,"Unspecified retinal detachment with retinal break, right eye",H33.001,ESTAV,65,65,65,130,0,0,32,33,0,4,0.5076923076923077,4,"3,4"
10,E75,"GM2 gangliosidosis, unspecified",E75.00,ESTAV,26,26,26,52,0,0,12,14,0,4,0.5384615384615384,4,"3,4"
10,H44,"Unspecified purulent endophthalmitis, right eye",H44.001,ESTDC,316,316,0,316,0,0,142,174,0,4,0.5506329113924051,4,"3,4"
10,H33,"Unspecified retinal detachment with retinal break, right eye",H33.001,ESTDC,130,130,0,130,0,0,64,66,0,4,0.5076923076923077,4,"3,4"
10,E75,"GM2 gangliosidosis, unspecified",E75.00,ESTDC,48,48,4,52,0,0,24,24,0,3,0.5,4,"3,4"
10,D81,Severe combined immunodeficiency [SCID] with reticular dysgenesis,D81.0,ESTDC,36,36,0,36,0,0,18,18,0,3,0.5,4,"3,4"
10,G25,Essential tremor,G25.0,ESTDC,32,32,0,32,0,0,16,16,0,3,0.5,4,"3,4"
10,B96,Mycoplasma pneumoniae [M. pneumoniae] as the cause of diseases classified elsewhere,B96.0,ESTDC,30,30,2,32,0,0,14,16,0,4,0.5333333333333333,4,"3,4"
10,B60,Babesiosis,B60.0,ESTDC,26,26,0,26,0,0,14,12,0,3,0.5384615384615384,4,"3,4"
10,Z95,Presence of cardiac pacemaker,Z95.0,ESTDC,26,26,0,26,0,0,12,14,0,4,0.5384615384615384,4,"3,4"
10,J96,"Acute respiratory failure, unspecified whether with hypoxia or hypercapnia",J96.00,ESTDC,24,24,0,24,0,0,12,12,0,3,0.5,4,"3,4"
10,Q85,"Neurofibromatosis, unspecified",Q85.00,ESTDC,24,24,0,24,0,0,14,10,0,3,0.5833333333333334,4,"3,4"
10,G24,Drug induced subacute dyskinesia,G24.01,ESTDC,20,20,0,20,0,0,10,10,0,3,0.5,4,"3,4"
10,H44,"Unspecified purulent endophthalmitis, right eye",H44.001,ESTHH,316,316,0,316,0,0,142,174,0,4,0.5506329113924051,4,"3,4"
10,H33,"Unspecified retinal detachment with retinal break, right eye",H33.001,ESTHH,130,130,0,130,0,0,64,66,0,4,0.5076923076923077,4,"3,4"
10,E75,"GM2 gangliosidosis, unspecified",E75.00,ESTHH,52,52,0,52,0,0,24,28,0,4,0.5384615384615384,4,"3,4"
10,D81,Severe combined immunodeficiency [SCID] with reticular dysgenesis,D81.0,ESTHH,36,36,0,36,0,0,18,18,0,3,0.5,4,"3,4"
10,B96,Mycoplasma pneumoniae [M. pneumoniae] as the cause of diseases classified elsewhere,B96.0,ESTHH,32,32,0,32,0,0,16,16,0,3,0.5,4,"3,4"
10,G25,Essential tremor,G25.0,ESTHH,32,32,0,32,0,0,16,16,0,3,0.5,4,"3,4"
10,B60,Babesiosis,B60.0,ESTHH,26,26,0,26,0,0,14,12,0,3,0.5384615384615384,4,"3,4"
10,G31,Pick's disease,G31.01,ESTHH,26,26,0,26,0,0,12,14,0,4,0.5384615384615384,4,"3,4"
10,Z95,Presence of cardiac pacemaker,Z95.0,ESTHH,26,26,0,26,0,0,12,14,0,4,0.5384615384615384,4,"3,4"
10,J96,"Acute respiratory failure, unspecified whether with hypoxia or hypercapnia",J96.00,ESTHH,24,24,0,24,0,0,12,12,0,3,0.5,4,"3,4"
10,Q85,"Neurofibromatosis, unspecified",Q85.00,ESTHH,24,24,0,24,0,0,14,10,0,3,0.5833333333333334,4,"3,4"
10,G24,Drug induced subacute dyskinesia,G24.01,ESTHH,20,20,0,20,0,0,10,10,0,3,0.5,4,"3,4"
10,H44,"Unspecified purulent endophthalmitis, right eye",H44.001,ESTNR,316,316,0,316,0,0,142,174,0,4,0.5506329113924051,4,"3,4"
10,H33,"Unspecified retinal detachment with retinal break, right eye",H33.001,ESTNR,130,130,0,130,0,0,64,66,0,4,0.5076923076923077,4,"3,4"
10,E75,"GM2 gangliosidosis, unspecified",E75.00,ESTNR,52,52,0,52,0,0,24,28,0,4,0.5384615384615384,4,"3,4"
10,D81,Severe combined immunodeficiency [SCID] with reticular dysgenesis,D81.0,ESTNR,36,36,0,36,0,0,18,18,0,3,0.5,4,"3,4"
10,B96,Mycoplasma pneumoniae [M. pneumoniae] as the cause of diseases classified elsewhere,B96.0,ESTNR,32,32,0,32,0,0,16,16,0,3,0.5,4,"3,4"
10,G25,Essential tremor,G25.0,ESTNR,32,32,0,32,0,0,16,16,0,3,0.5,4,"3,4"
10,B60,Babesiosis,B60.0,ESTNR,26,26,0,26,0,0,14,12,0,3,0.5384615384615384,4,"3,4"
10,G31,Pick's disease,G31.01,ESTNR,26,26,0,26,0,0,12,14,0,4,0.5384615384615384,4,"3,4"
10,Z95,Presence of cardiac pacemaker,Z95.0,ESTNR,26,26,0,26,0,0,12,14,0,4,0.5384615384615384,4,"3,4"
10,J96,"Acute respiratory failure, unspecified whether with hypoxia or hypercapnia",J96.00,ESTNR,24,24,0,24,0,0,12,12,0,3,0.5,4,"3,4"
10,Q85,"Neurofibromatosis, unspecified",Q85.00,ESTNR,24,24,0,24,0,0,14,10,0,3,0.5833333333333334,4,"3,4"
10,G24,Drug induced subacute dyskinesia,G24.01,ESTNR,20,20,0,20,0,0,10,10,0,3,0.5,4,"3,4"
10,H44,"Unspecified purulent endophthalmitis, right eye",H44.001,ESTOV,316,316,0,316,0,0,142,174,0,4,0.5506329113924051,4,"3,4"
10,H33,"Unspecified retinal detachment with retinal break, right eye",H33.001,ESTOV,130,130,0,130,0,0,64,66,0,4,0.5076923076923077,4,"3,4"
10,E75,"GM2 gangliosidosis, unspecified",E75.00,ESTOV,52,52,0,52,0,0,24,28,0,4,0.5384615384615384,4,"3,4"
10,D81,Severe combined immunodeficiency [SCID] with reticular dysgenesis,D81.0,ESTOV,36,36,0,36,0,0,18,18,0,3,0.5,4,"3,4"
10,B96,Mycoplasma pneumoniae [M. pneumoniae] as the cause of diseases classified elsewhere,B96.0,ESTOV,32,32,0,32,0,0,16,16,0,3,0.5,4,"3,4"
10,G25,Essential tremor,G25.0,ESTOV,32,32,0,32,0,0,16,16,0,3,0.5,4,"3,4"
10,B60,Babesiosis,B60.0,ESTOV,26,26,0,26,0,0,14,12,0,3,0.5384615384615384,4,"3,4"
10,G31,Pick's disease,G31.01,ESTOV,26,26,0,26,0,0,12,14,0,4,0.5384615384615384,4,"3,4"
10,Z95,Presence of cardiac pacemaker,Z95.0,ESTOV,26,26,0,26,0,0,12,14,0,4,0.5384615384615384,4,"3,4"
10,J96,"Acute respiratory failure, unspecified whether with hypoxia or hypercapnia",J96.00,ESTOV,24,24,0,24,0,0,12,12,0,3,0.5,4,"3,4"
10,Q85,"Neurofibromatosis, unspecified",Q85.00,ESTOV,24,24,0,24,0,0,14,10,0,3,0.5833333333333334,4,"3,4"
10,G24,Drug induced subacute dyskinesia,G24.01,ESTOV,20,20,0,20,0,0,10,10,0,3,0.5,4,"3,4"
10,H44,"Unspecified purulent endophthalmitis, right eye",H44.001,EYEES,316,316,0,316,0,142,0,174,0,4,0.5506329113924051,4,"2,4"
10,H33,"Unspecified retinal detachment with retinal break, right eye",H33.001,EYEES,130,130,0,130,0,64,0,66,0,4,0.5076923076923077,4,"2,4"
10,E75,"GM2 gangliosidosis, unspecified",E75.00,EYEES,52,52,0,52,0,24,0,28,0,4,0.5384615384615384,4,"2,4"
10,D81,Severe combined immunodeficiency [SCID] with reticular dysgenesis,D81.0,EYEES,36,36,0,36,0,18,0,18,0,2,0.5,4,"2,4"
10,G25,Essential tremor,G25.0,EYEES,32,32,0,32,0,16,0,16,0,2,0.5,4,"2,4"
10,B60,Babesiosis,B60.0,EYEES,26,26,0,26,0,14,0,12,0,2,0.5384615384615384,4,"2,4"
10,G31,Pick's disease,G31.01,EYEES,26,26,0,26,0,14,0,12,0,2,0.5384615384615384,4,"2,4"
10,J96,"Acute respiratory failure, unspecified whether with hypoxia or hypercapnia",J96.00,EYEES,24,24,0,24,0,12,0,12,0,2,0.5,4,"2,4"
10,Q85,"Neurofibromatosis, unspecified",Q85.00,EYEES,24,24,0,24,0,14,0,10,0,2,0.5833333333333334,4,"2,4"
10,G24,Drug induced subacute dyskinesia,G24.01,EYEES,20,20,0,20,0,10,0,10,0,2,0.5,4,"2,4"
