DP_KEY,ICD_ROOT,ICD_DESCRIPTION,REPRESENTATIVE_ICD,PROC_GROUP,n,n_valid,n_null,n_total,count_1,count_2,count_3,count_4,count_5,mode_los,mode_conf,HAL_0.90,feasible_levels,_PROC_BUCKET_
10,S82,"Unspecified fracture of right patella, initial encounter for closed fracture",S82.001A,ESTAO,3096,3096,3096,6192,0,0,3096,0,0,3,1.0,3,3,ESTAO
10,S52,"Unspecified fracture of upper end of right ulna, initial encounter for closed fracture",S52.001A,ESTAO,2796,2796,2796,5592,0,0,2796,0,0,3,1.0,3,3,ESTAO
10,S72,"Fracture of unspecified part of neck of right femur, initial encounter for closed fracture",S72.001A,ESTAO,2466,2466,2466,4932,0,0,2466,0,0,3,1.0,3,3,ESTAO
10,S62,"Unspecified fracture of navicular [scaphoid] bone of right wrist, initial encounter for closed fracture",S62.001A,ESTAO,1911,1911,1911,3822,0,0,1911,0,0,3,1.0,3,3,ESTAO
10,S42,"Fracture of unspecified part of right clavicle, initial encounter for closed fracture",S42.001A,ESTAO,1398,1398,1398,2796,0,0,1398,0,0,3,1.0,3,3,ESTAO
10,S92,"Unspecified fracture of right calcaneus, initial encounter for closed fracture",S92.001A,ESTAO,1386,1386,1386,2772,0,0,1386,0,0,3,1.0,3,3,ESTAO
10,S63,"Unspecified subluxation of right wrist and hand, initial encounter",S63.001A,ESTAO,957,957,957,1914,0,0,957,0,0,3,1.0,3,3,ESTAO
10,M84,"Stress fracture, unspecified site, initial encounter for fracture",M84.30XA,ESTAO,928,928,928,1856,0,0,928,0,0,3,1.0,3,3,ESTAO
10,S32,"Wedge compression fracture of unspecified lumbar vertebra, initial encounter for closed fracture",S32.000A,ESTAO,846,846,846,1692,0,0,846,0,0,3,1.0,3,3,ESTAO
10,S06,"Concussion without loss of consciousness, initial encounter",S06.0X0A,ESTAO,662,662,662,1324,0,0,585,77,0,3,0.8836858006042296,4,"3,4",ESTAO
10,T23,"Burn of unspecified degree of right hand, unspecified site, initial encounter",T23.001A,ESTAO,648,648,648,1296,0,0,648,0,0,3,1.0,3,3,ESTAO
10,S61,"Unspecified open wound of right thumb without damage to nail, initial encounter",S61.001A,ESTAO,576,576,576,1152,0,0,576,0,0,3,1.0,3,3,ESTAO
10,S66,"Unspecified injury of long flexor muscle, fascia and tendon of right thumb at wrist and hand level, initial encounter",S66.001A,ESTAO,540,540,540,1080,0,0,540,0,0,3,1.0,3,3,ESTAO
10,T22,"Burn of unspecified degree of shoulder and upper limb, except wrist and hand, unspecified site, initial encounter",T22.00XA,ESTAO,528,528,528,1056,0,0,528,0,0,3,1.0,3,3,ESTAO
10,S60,"Contusion of unspecified finger without damage to nail, initial encounter",S60.00XA,ESTAO,522,522,522,1044,0,0,522,0,0,3,1.0,3,3,ESTAO
10,S02,"Fracture of vault of skull, initial encounter for closed fracture",S02.0XXA,ESTAO,510,510,510,1020,0,0,510,0,0,3,1.0,3,3,ESTAO
10,T63,"Toxic effect of unspecified snake venom, accidental (unintentional), initial encounter",T63.001A,ESTAO,456,456,456,912,0,0,456,0,0,3,1.0,3,3,ESTAO
10,S31,"Unspecified open wound of lower back and pelvis without penetration into retroperitoneum, initial encounter",S31.000A,ESTAO,450,450,450,900,0,0,450,0,0,3,1.0,3,3,ESTAO
10,S56,"Unspecified injury of flexor muscle, fascia and tendon of right thumb at forearm level, initial encounter",S56.001A,ESTAO,432,432,432,864,0,0,432,0,0,3,1.0,3,3,ESTAO
10,S12,"Unspecified displaced fracture of first cervical vertebra, initial encounter for closed fracture",S12.000A,ESTAO,420,420,420,840,0,0,420,0,0,3,1.0,3,3,ESTAO
10,S99,"Unspecified physeal fracture of right calcaneus, initial encounter for closed fracture",S99.001A,ESTAO,414,414,414,828,0,0,414,0,0,3,1.0,3,3,ESTAO
10,O36,"Maternal care for anti-D [Rh] antibodies, first trimester, not applicable or unspecified",O36.0110,ESTAO,399,399,399,798,0,0,399,0,0,3,1.0,3,3,ESTAO
10,S89,"Unspecified physeal fracture of upper end of right tibia, initial encounter for closed fracture",S89.001A,ESTAO,378,378,378,756,0,0,378,0,0,3,1.0,3,3,ESTAO
10,T84,"Broken internal right hip prosthesis, initial encounter",T84.010A,ESTAO,375,375,375,750,0,0,375,0,0,3,1.0,3,3,ESTAO
10,T24,"Burn of unspecified degree of unspecified site of right lower limb, except ankle and foot, initial encounter",T24.001A,ESTAO,360,360,360,720,0,0,360,0,0,3,1.0,3,3,ESTAO
10,S59,"Unspecified physeal fracture of lower end of ulna, right arm, initial encounter for closed fracture",S59.001A,ESTAO,360,360,360,720,0,0,360,0,0,3,1.0,3,3,ESTAO
10,S91,"Unspecified open wound, right ankle, initial encounter",S91.001A,ESTAO,360,360,360,720,0,0,360,0,0,3,1.0,3,3,ESTAO
10,S22,"Wedge compression fracture of unspecified thoracic vertebra, initial encounter for closed fracture",S22.000A,ESTAO,354,354,354,708,0,0,354,0,0,3,1.0,3,3,ESTAO
10,T43,"Poisoning by tricyclic antidepressants, accidental (unintentional), initial encounter",T43.011A,ESTAO,354,354,354,708,0,0,354,0,0,3,1.0,3,3,ESTAO
10,S83,"Unspecified subluxation of right patella, initial encounter",S83.001A,ESTAO,351,351,351,702,0,0,351,0,0,3,1.0,3,3,ESTAO
10,T50,"Poisoning by mineralocorticoids and their antagonists, accidental (unintentional), initial encounter",T50.0X1A,ESTAO,342,342,342,684,0,0,342,0,0,3,1.0,3,3,ESTAO
10,S36,"Unspecified injury of spleen, initial encounter",S36.00XA,ESTAO,336,336,336,672,0,0,336,0,0,3,1.0,3,3,ESTAO
10,S93,"Subluxation of right ankle joint, initial encounter",S93.01XA,ESTAO,336,336,336,672,0,0,336,0,0,3,1.0,3,3,ESTAO
10,S43,"Unspecified subluxation of right shoulder joint, initial encounter",S43.001A,ESTAO,333,333,333,666,0,0,333,0,0,3,1.0,3,3,ESTAO
10,M80,"Age-related osteoporosis with current pathological fracture, unspecified site, initial encounter for fracture",M80.00XA,ESTAO,324,324,324,648,0,0,324,0,0,3,1.0,3,3,ESTAO
10,T85,"Breakdown (mechanical) of ventricular intracranial (communicating) shunt, initial encounter",T85.01XA,ESTAO,309,309,309,618,0,0,309,0,0,3,1.0,3,3,ESTAO
10,S90,"Contusion of unspecified ankle, initial encounter",S90.00XA,ESTAO,306,306,306,612,0,0,306,0,0,3,1.0,3,3,ESTAO
10,T82,"Breakdown (mechanical) of heart valve prosthesis, initial encounter",T82.01XA,ESTAO,297,297,297,594,0,0,297,0,0,3,1.0,3,3,ESTAO
10,T40,"Poisoning by opium, accidental (unintentional), initial encounter",T40.0X1A,ESTAO,294,294,294,588,0,0,294,0,0,3,1.0,3,3,ESTAO
10,S20,"Contusion of breast, unspecified breast, initial encounter",S20.00XA,ESTAO,294,294,294,588,0,0,294,0,0,3,1.0,3,3,ESTAO
10,Y36,"War operations involving explosion of unspecified marine weapon, military personnel, initial encounter",Y36.000A,ESTAO,291,291,291,582,0,0,291,0,0,3,1.0,3,3,ESTAO
10,S21,"Unspecified open wound of right breast, initial encounter",S21.001A,ESTAO,288,288,288,576,0,0,288,0,0,3,1.0,3,3,ESTAO
10,T25,"Burn of unspecified degree of right ankle, initial encounter",T25.011A,ESTAO,288,288,288,576,0,0,288,0,0,3,1.0,3,3,ESTAO
10,S00,"Unspecified superficial injury of scalp, initial encounter",S00.00XA,ESTAO,288,288,288,576,0,0,288,0,0,3,1.0,3,3,ESTAO
10,S65,"Unspecified injury of ulnar artery at wrist and hand level of right arm, initial encounter",S65.001A,ESTAO,279,279,279,558,0,0,279,0,0,3,1.0,3,3,ESTAO
10,Y35,"Legal intervention involving unspecified firearm discharge, law enforcement official injured, initial encounter",Y35.001A,ESTAO,276,276,276,552,0,0,276,0,0,3,1.0,3,3,ESTAO
10,T45,"Poisoning by antiallergic and antiemetic drugs, accidental (unintentional), initial encounter",T45.0X1A,ESTAO,270,270,270,540,0,0,270,0,0,3,1.0,3,3,ESTAO
10,S85,"Unspecified injury of popliteal artery, right leg, initial encounter",S85.001A,ESTAO,270,270,270,540,0,0,270,0,0,3,1.0,3,3,ESTAO
10,S01,"Unspecified open wound of scalp, initial encounter",S01.00XA,ESTAO,270,270,270,540,0,0,270,0,0,3,1.0,3,3,ESTAO
10,Y37,"Military operations involving explosion of unspecified marine weapon, military personnel, initial encounter",Y37.000A,ESTAO,267,267,267,534,0,0,267,0,0,3,1.0,3,3,ESTAO
10,S82,"Unspecified fracture of right patella, initial encounter for closed fracture",S82.001A,ESTAV,3096,3096,3096,6192,0,0,3096,0,0,3,1.0,3,3,ESTAV
10,S52,"Unspecified fracture of upper end of right ulna, initial encounter for closed fracture",S52.001A,ESTAV,2796,2796,2796,5592,0,0,2796,0,0,3,1.0,3,3,ESTAV
10,S72,"Fracture of unspecified part of neck of right femur, initial encounter for closed fracture",S72.001A,ESTAV,2466,2466,2466,4932,0,0,2466,0,0,3,1.0,3,3,ESTAV
10,S62,"Unspecified fracture of navicular [scaphoid] bone of right wrist, initial encounter for closed fracture",S62.001A,ESTAV,1911,1911,1911,3822,0,0,1911,0,0,3,1.0,3,3,ESTAV
10,S42,"Fracture of unspecified part of right clavicle, initial encounter for closed fracture",S42.001A,ESTAV,1398,1398,1398,2796,0,0,1398,0,0,3,1.0,3,3,ESTAV
10,S92,"Unspecified fracture of right calcaneus, initial encounter for closed fracture",S92.001A,ESTAV,1386,1386,1386,2772,0,0,1386,0,0,3,1.0,3,3,ESTAV
10,S63,"Unspecified subluxation of right wrist and hand, initial encounter",S63.001A,ESTAV,957,957,957,1914,0,0,957,0,0,3,1.0,3,3,ESTAV
10,M84,"Stress fracture, unspecified site, initial encounter for fracture",M84.30XA,ESTAV,928,928,928,1856,0,0,928,0,0,3,1.0,3,3,ESTAV
10,S32,"Wedge compression fracture of unspecified lumbar vertebra, initial encounter for closed fracture",S32.000A,ESTAV,846,846,846,1692,0,0,846,0,0,3,1.0,3,3,ESTAV
10,S06,"Concussion without loss of consciousness, initial encounter",S06.0X0A,ESTAV,662,662,662,1324,0,0,585,77,0,3,0.8836858006042296,4,"3,4",ESTAV
10,T23,"Burn of unspecified degree of right hand, unspecified site, initial encounter",T23.001A,ESTAV,648,648,648,1296,0,0,648,0,0,3,1.0,3,3,ESTAV
10,S61,"Unspecified open wound of right thumb without damage to nail, initial encounter",S61.001A,ESTAV,576,576,576,1152,0,0,576,0,0,3,1.0,3,3,ESTAV
10,S66,"Unspecified injury of long flexor muscle, fascia and tendon of right thumb at wrist and hand level, initial encounter",S66.001A,ESTAV,540,540,540,1080,0,0,540,0,0,3,1.0,3,3,ESTAV
10,T22,"Burn of unspecified degree of shoulder and upper limb, except wrist and hand, unspecified site, initial encounter",T22.00XA,ESTAV,528,528,528,1056,0,0,528,0,0,3,1.0,3,3,ESTAV
10,S60,"Contusion of unspecified finger without damage to nail, initial encounter",S60.00XA,ESTAV,522,522,522,1044,0,0,522,0,0,3,1.0,3,3,ESTAV
10,S02,"Fracture of vault of skull, initial encounter for closed fracture",S02.0XXA,ESTAV,510,510,510,1020,0,0,510,0,0,3,1.0,3,3,ESTAV
10,T63,"Toxic effect of unspecified snake venom, accidental (unintentional), initial encounter",T63.001A,ESTAV,456,456,456,912,0,0,456,0,0,3,1.0,3,3,ESTAV
10,S31,"Unspecified open wound of lower back and pelvis without penetration into retroperitoneum, initial encounter",S31.000A,ESTAV,450,450,450,900,0,0,450,0,0,3,1.0,3,3,ESTAV
10,S56,"Unspecified injury of flexor muscle, fascia and tendon of right thumb at forearm level, initial encounter",S56.001A,ESTAV,432,432,432,864,0,0,432,0,0,3,1.0,3,3,ESTAV
10,S12,"Unspecified displaced fracture of first cervical vertebra, initial encounter for closed fracture",S12.000A,ESTAV,420,420,420,840,0,0,420,0,0,3,1.0,3,3,ESTAV
10,S99,"Unspecified physeal fracture of right calcaneus, initial encounter for closed fracture",S99.001A,ESTAV,414,414,414,828,0,0,414,0,0,3,1.0,3,3,ESTAV
10,O36,"Maternal care for anti-D [Rh] antibodies, first trimester, not applicable or unspecified",O36.0110,ESTAV,399,399,399,798,0,0,399,0,0,3,1.0,3,3,ESTAV
10,S89,"Unspecified physeal fracture of upper end of right tibia, initial encounter for closed fracture",S89.001A,ESTAV,378,378,378,756,0,0,378,0,0,3,1.0,3,3,ESTAV
10,T84,"Broken internal right hip prosthesis, initial encounter",T84.010A,ESTAV,375,375,375,750,0,0,375,0,0,3,1.0,3,3,ESTAV
10,T24,"Burn of unspecified degree of unspecified site of right lower limb, except ankle and foot, initial encounter",T24.001A,ESTAV,360,360,360,720,0,0,360,0,0,3,1.0,3,3,ESTAV
10,S59,"Unspecified physeal fracture of lower end of ulna, right arm, initial encounter for closed fracture",S59.001A,ESTAV,360,360,360,720,0,0,360,0,0,3,1.0,3,3,ESTAV
10,S91,"Unspecified open wound, right ankle, initial encounter",S91.001A,ESTAV,360,360,360,720,0,0,360,0,0,3,1.0,3,3,ESTAV
10,S22,"Wedge compression fracture of unspecified thoracic vertebra, initial encounter for closed fracture",S22.000A,ESTAV,354,354,354,708,0,0,354,0,0,3,1.0,3,3,ESTAV
10,T43,"Poisoning by tricyclic antidepressants, accidental (unintentional), initial encounter",T43.011A,ESTAV,354,354,354,708,0,0,354,0,0,3,1.0,3,3,ESTAV
10,S83,"Unspecified subluxation of right patella, initial encounter",S83.001A,ESTAV,351,351,351,702,0,0,351,0,0,3,1.0,3,3,ESTAV
10,T50,"Poisoning by mineralocorticoids and their antagonists, accidental (unintentional), initial encounter",T50.0X1A,ESTAV,342,342,342,684,0,0,342,0,0,3,1.0,3,3,ESTAV
10,S36,"Unspecified injury of spleen, initial encounter",S36.00XA,ESTAV,336,336,336,672,0,0,336,0,0,3,1.0,3,3,ESTAV
10,S93,"Subluxation of right ankle joint, initial encounter",S93.01XA,ESTAV,336,336,336,672,0,0,336,0,0,3,1.0,3,3,ESTAV
10,S43,"Unspecified subluxation of right shoulder joint, initial encounter",S43.001A,ESTAV,333,333,333,666,0,0,333,0,0,3,1.0,3,3,ESTAV
10,M80,"Age-related osteoporosis with current pathological fracture, unspecified site, initial encounter for fracture",M80.00XA,ESTAV,324,324,324,648,0,0,324,0,0,3,1.0,3,3,ESTAV
10,T85,"Breakdown (mechanical) of ventricular intracranial (communicating) shunt, initial encounter",T85.01XA,ESTAV,309,309,309,618,0,0,309,0,0,3,1.0,3,3,ESTAV
10,S90,"Contusion of unspecified ankle, initial encounter",S90.00XA,ESTAV,306,306,306,612,0,0,306,0,0,3,1.0,3,3,ESTAV
10,T82,"Breakdown (mechanical) of heart valve prosthesis, initial encounter",T82.01XA,ESTAV,297,297,297,594,0,0,297,0,0,3,1.0,3,3,ESTAV
10,T40,"Poisoning by opium, accidental (unintentional), initial encounter",T40.0X1A,ESTAV,294,294,294,588,0,0,294,0,0,3,1.0,3,3,ESTAV
10,S20,"Contusion of breast, unspecified breast, initial encounter",S20.00XA,ESTAV,294,294,294,588,0,0,294,0,0,3,1.0,3,3,ESTAV
10,Y36,"War operations involving explosion of unspecified marine weapon, military personnel, initial encounter",Y36.000A,ESTAV,291,291,291,582,0,0,291,0,0,3,1.0,3,3,ESTAV
10,S21,"Unspecified open wound of right breast, initial encounter",S21.001A,ESTAV,288,288,288,576,0,0,288,0,0,3,1.0,3,3,ESTAV
10,T25,"Burn of unspecified degree of right ankle, initial encounter",T25.011A,ESTAV,288,288,288,576,0,0,288,0,0,3,1.0,3,3,ESTAV
10,S00,"Unspecified superficial injury of scalp, initial encounter",S00.00XA,ESTAV,288,288,288,576,0,0,288,0,0,3,1.0,3,3,ESTAV
10,S65,"Unspecified injury of ulnar artery at wrist and hand level of right arm, initial encounter",S65.001A,ESTAV,279,279,279,558,0,0,279,0,0,3,1.0,3,3,ESTAV
10,Y35,"Legal intervention involving unspecified firearm discharge, law enforcement official injured, initial encounter",Y35.001A,ESTAV,276,276,276,552,0,0,276,0,0,3,1.0,3,3,ESTAV
10,T45,"Poisoning by antiallergic and antiemetic drugs, accidental (unintentional), initial encounter",T45.0X1A,ESTAV,270,270,270,540,0,0,270,0,0,3,1.0,3,3,ESTAV
10,S85,"Unspecified injury of popliteal artery, right leg, initial encounter",S85.001A,ESTAV,270,270,270,540,0,0,270,0,0,3,1.0,3,3,ESTAV
10,S01,"Unspecified open wound of scalp, initial encounter",S01.00XA,ESTAV,270,270,270,540,0,0,270,0,0,3,1.0,3,3,ESTAV
10,Y37,"Military operations involving explosion of unspecified marine weapon, military personnel, initial encounter",Y37.000A,ESTAV,267,267,267,534,0,0,267,0,0,3,1.0,3,3,ESTAV
10,S82,"Unspecified fracture of right patella, initial encounter for closed fracture",S82.001A,ESTDC,6192,6192,0,6192,0,0,6192,0,0,3,1.0,3,3,ESTDC
10,S52,"Unspecified fracture of upper end of right ulna, initial encounter for closed fracture",S52.001A,ESTDC,5592,5592,0,5592,0,0,5592,0,0,3,1.0,3,3,ESTDC
10,S72,"Fracture of unspecified part of neck of right femur, initial encounter for closed fracture",S72.001A,ESTDC,4932,4932,0,4932,0,0,4932,0,0,3,1.0,3,3,ESTDC
10,S62,"Unspecified fracture of navicular [scaphoid] bone of right wrist, initial encounter for closed fracture",S62.001A,ESTDC,3822,3822,0,3822,0,0,3822,0,0,3,1.0,3,3,ESTDC
10,S42,"Fracture of unspecified part of right clavicle, initial encounter for closed fracture",S42.001A,ESTDC,2796,2796,0,2796,0,0,2796,0,0,3,1.0,3,3,ESTDC
10,S92,"Unspecified fracture of right calcaneus, initial encounter for closed fracture",S92.001A,ESTDC,2772,2772,0,2772,0,0,2772,0,0,3,1.0,3,3,ESTDC
10,S63,"Unspecified subluxation of right wrist and hand, initial encounter",S63.001A,ESTDC,1914,1914,0,1914,0,0,1914,0,0,3,1.0,3,3,ESTDC
10,M84,"Stress fracture, unspecified site, initial encounter for fracture",M84.30XA,ESTDC,1856,1856,0,1856,0,0,1856,0,0,3,1.0,3,3,ESTDC
10,S32,"Wedge compression fracture of unspecified lumbar vertebra, initial encounter for closed fracture",S32.000A,ESTDC,1692,1692,0,1692,0,0,1692,0,0,3,1.0,3,3,ESTDC
10,S06,"Concussion without loss of consciousness, initial encounter",S06.0X0A,ESTDC,1324,1324,0,1324,0,0,1170,154,0,3,0.8836858006042296,4,"3,4",ESTDC
10,T23,"Burn of unspecified degree of right hand, unspecified site, initial encounter",T23.001A,ESTDC,1296,1296,0,1296,0,0,1296,0,0,3,1.0,3,3,ESTDC
10,S61,"Unspecified open wound of right thumb without damage to nail, initial encounter",S61.001A,ESTDC,1152,1152,0,1152,0,0,1152,0,0,3,1.0,3,3,ESTDC
10,S66,"Unspecified injury of long flexor muscle, fascia and tendon of right thumb at wrist and hand level, initial encounter",S66.001A,ESTDC,1080,1080,0,1080,0,0,1080,0,0,3,1.0,3,3,ESTDC
10,T22,"Burn of unspecified degree of shoulder and upper limb, except wrist and hand, unspecified site, initial encounter",T22.00XA,ESTDC,1056,1056,0,1056,0,0,1056,0,0,3,1.0,3,3,ESTDC
10,S60,"Contusion of unspecified finger without damage to nail, initial encounter",S60.00XA,ESTDC,1044,1044,0,1044,0,0,1044,0,0,3,1.0,3,3,ESTDC
10,S02,"Fracture of vault of skull, initial encounter for closed fracture",S02.0XXA,ESTDC,1020,1020,0,1020,0,0,1020,0,0,3,1.0,3,3,ESTDC
10,T63,"Toxic effect of unspecified snake venom, accidental (unintentional), initial encounter",T63.001A,ESTDC,912,912,0,912,0,0,912,0,0,3,1.0,3,3,ESTDC
10,S31,"Unspecified open wound of lower back and pelvis without penetration into retroperitoneum, initial encounter",S31.000A,ESTDC,900,900,0,900,0,0,900,0,0,3,1.0,3,3,ESTDC
10,S56,"Unspecified injury of flexor muscle, fascia and tendon of right thumb at forearm level, initial encounter",S56.001A,ESTDC,864,864,0,864,0,0,864,0,0,3,1.0,3,3,ESTDC
10,S12,"Unspecified displaced fracture of first cervical vertebra, initial encounter for closed fracture",S12.000A,ESTDC,840,840,0,840,0,0,840,0,0,3,1.0,3,3,ESTDC
10,S99,"Unspecified physeal fracture of right calcaneus, initial encounter for closed fracture",S99.001A,ESTDC,828,828,0,828,0,0,828,0,0,3,1.0,3,3,ESTDC
10,O36,"Maternal care for anti-D [Rh] antibodies, first trimester, not applicable or unspecified",O36.0110,ESTDC,798,798,0,798,0,0,798,0,0,3,1.0,3,3,ESTDC
10,S89,"Unspecified physeal fracture of upper end of right tibia, initial encounter for closed fracture",S89.001A,ESTDC,756,756,0,756,0,0,756,0,0,3,1.0,3,3,ESTDC
10,T84,"Broken internal right hip prosthesis, initial encounter",T84.010A,ESTDC,750,750,0,750,0,0,750,0,0,3,1.0,3,3,ESTDC
10,T24,"Burn of unspecified degree of unspecified site of right lower limb, except ankle and foot, initial encounter",T24.001A,ESTDC,720,720,0,720,0,0,720,0,0,3,1.0,3,3,ESTDC
10,S59,"Unspecified physeal fracture of lower end of ulna, right arm, initial encounter for closed fracture",S59.001A,ESTDC,720,720,0,720,0,0,720,0,0,3,1.0,3,3,ESTDC
10,S91,"Unspecified open wound, right ankle, initial encounter",S91.001A,ESTDC,720,720,0,720,0,0,720,0,0,3,1.0,3,3,ESTDC
10,S22,"Wedge compression fracture of unspecified thoracic vertebra, initial encounter for closed fracture",S22.000A,ESTDC,708,708,0,708,0,0,708,0,0,3,1.0,3,3,ESTDC
10,T43,"Poisoning by tricyclic antidepressants, accidental (unintentional), initial encounter",T43.011A,ESTDC,708,708,0,708,0,0,708,0,0,3,1.0,3,3,ESTDC
10,S83,"Unspecified subluxation of right patella, initial encounter",S83.001A,ESTDC,702,702,0,702,0,0,702,0,0,3,1.0,3,3,ESTDC
10,T50,"Poisoning by mineralocorticoids and their antagonists, accidental (unintentional), initial encounter",T50.0X1A,ESTDC,684,684,0,684,0,0,684,0,0,3,1.0,3,3,ESTDC
10,S93,"Subluxation of right ankle joint, initial encounter",S93.01XA,ESTDC,672,672,0,672,0,0,672,0,0,3,1.0,3,3,ESTDC
10,S36,"Unspecified injury of spleen, initial encounter",S36.00XA,ESTDC,672,672,0,672,0,0,672,0,0,3,1.0,3,3,ESTDC
10,S43,"Unspecified subluxation of right shoulder joint, initial encounter",S43.001A,ESTDC,666,666,0,666,0,0,666,0,0,3,1.0,3,3,ESTDC
10,T85,"Breakdown (mechanical) of ventricular intracranial (communicating) shunt, initial encounter",T85.01XA,ESTDC,618,618,0,618,0,0,618,0,0,3,1.0,3,3,ESTDC
10,S90,"Contusion of unspecified ankle, initial encounter",S90.00XA,ESTDC,612,612,0,612,0,0,612,0,0,3,1.0,3,3,ESTDC
10,T82,"Breakdown (mechanical) of heart valve prosthesis, initial encounter",T82.01XA,ESTDC,594,594,0,594,0,0,594,0,0,3,1.0,3,3,ESTDC
10,S20,"Contusion of breast, unspecified breast, initial encounter",S20.00XA,ESTDC,588,588,0,588,0,0,588,0,0,3,1.0,3,3,ESTDC
10,T40,"Poisoning by opium, accidental (unintentional), initial encounter",T40.0X1A,ESTDC,588,588,0,588,0,0,588,0,0,3,1.0,3,3,ESTDC
10,Y36,"War operations involving explosion of unspecified marine weapon, military personnel, initial encounter",Y36.000A,ESTDC,582,582,0,582,0,0,582,0,0,3,1.0,3,3,ESTDC
10,S21,"Unspecified open wound of right breast, initial encounter",S21.001A,ESTDC,576,576,0,576,0,0,576,0,0,3,1.0,3,3,ESTDC
10,M80,"Age-related osteoporosis with current pathological fracture, unspecified site, initial encounter for fracture",M80.00XA,ESTDC,576,576,72,648,0,0,576,0,0,3,1.0,3,3,ESTDC
10,S00,"Unspecified superficial injury of scalp, initial encounter",S00.00XA,ESTDC,576,576,0,576,0,0,576,0,0,3,1.0,3,3,ESTDC
10,T25,"Burn of unspecified degree of right ankle, initial encounter",T25.011A,ESTDC,576,576,0,576,0,0,576,0,0,3,1.0,3,3,ESTDC
10,S65,"Unspecified injury of ulnar artery at wrist and hand level of right arm, initial encounter",S65.001A,ESTDC,558,558,0,558,0,0,558,0,0,3,1.0,3,3,ESTDC
10,Y35,"Legal intervention involving unspecified firearm discharge, law enforcement official injured, initial encounter",Y35.001A,ESTDC,552,552,0,552,0,0,552,0,0,3,1.0,3,3,ESTDC
10,S85,"Unspecified injury of popliteal artery, right leg, initial encounter",S85.001A,ESTDC,540,540,0,540,0,0,540,0,0,3,1.0,3,3,ESTDC
10,S01,"Unspecified open wound of scalp, initial encounter",S01.00XA,ESTDC,540,540,0,540,0,0,540,0,0,3,1.0,3,3,ESTDC
10,Y37,"Military operations involving explosion of unspecified marine weapon, military personnel, initial encounter",Y37.000A,ESTDC,534,534,0,534,0,0,534,0,0,3,1.0,3,3,ESTDC
10,T20,"Burn of unspecified degree of head, face, and neck, unspecified site, initial encounter",T20.00XA,ESTDC,528,528,0,528,0,0,528,0,0,3,1.0,3,3,ESTDC
10,S82,"Unspecified fracture of right patella, initial encounter for closed fracture",S82.001A,ESTHH,6192,6192,0,6192,0,0,6192,0,0,3,1.0,3,3,ESTHH
10,S52,"Unspecified fracture of upper end of right ulna, initial encounter for closed fracture",S52.001A,ESTHH,5592,5592,0,5592,0,0,5592,0,0,3,1.0,3,3,ESTHH
10,S72,"Fracture of unspecified part of neck of right femur, initial encounter for closed fracture",S72.001A,ESTHH,4932,4932,0,4932,0,0,4932,0,0,3,1.0,3,3,ESTHH
10,S62,"Unspecified fracture of navicular [scaphoid] bone of right wrist, initial encounter for closed fracture",S62.001A,ESTHH,3822,3822,0,3822,0,0,3822,0,0,3,1.0,3,3,ESTHH
10,S42,"Fracture of unspecified part of right clavicle, initial encounter for closed fracture",S42.001A,ESTHH,2796,2796,0,2796,0,0,2796,0,0,3,1.0,3,3,ESTHH
10,S92,"Unspecified fracture of right calcaneus, initial encounter for closed fracture",S92.001A,ESTHH,2772,2772,0,2772,0,0,2772,0,0,3,1.0,3,3,ESTHH
10,S63,"Unspecified subluxation of right wrist and hand, initial encounter",S63.001A,ESTHH,1914,1914,0,1914,0,0,1914,0,0,3,1.0,3,3,ESTHH
10,M84,"Stress fracture, unspecified site, initial encounter for fracture",M84.30XA,ESTHH,1856,1856,0,1856,0,0,1856,0,0,3,1.0,3,3,ESTHH
10,S32,"Wedge compression fracture of unspecified lumbar vertebra, initial encounter for closed fracture",S32.000A,ESTHH,1692,1692,0,1692,0,0,1692,0,0,3,1.0,3,3,ESTHH
10,S06,"Concussion without loss of consciousness, initial encounter",S06.0X0A,ESTHH,1324,1324,0,1324,0,0,1170,154,0,3,0.8836858006042296,4,"3,4",ESTHH
10,T23,"Burn of unspecified degree of right hand, unspecified site, initial encounter",T23.001A,ESTHH,1296,1296,0,1296,0,0,1296,0,0,3,1.0,3,3,ESTHH
10,S61,"Unspecified open wound of right thumb without damage to nail, initial encounter",S61.001A,ESTHH,1152,1152,0,1152,0,0,1152,0,0,3,1.0,3,3,ESTHH
10,S66,"Unspecified injury of long flexor muscle, fascia and tendon of right thumb at wrist and hand level, initial encounter",S66.001A,ESTHH,1080,1080,0,1080,0,0,1080,0,0,3,1.0,3,3,ESTHH
10,T22,"Burn of unspecified degree of shoulder and upper limb, except wrist and hand, unspecified site, initial encounter",T22.00XA,ESTHH,1056,1056,0,1056,0,0,1056,0,0,3,1.0,3,3,ESTHH
10,S60,"Contusion of unspecified finger without damage to nail, initial encounter",S60.00XA,ESTHH,1044,1044,0,1044,0,0,1044,0,0,3,1.0,3,3,ESTHH
10,S02,"Fracture of vault of skull, initial encounter for closed fracture",S02.0XXA,ESTHH,1020,1020,0,1020,0,0,1020,0,0,3,1.0,3,3,ESTHH
10,T63,"Toxic effect of unspecified snake venom, accidental (unintentional), initial encounter",T63.001A,ESTHH,912,912,0,912,0,0,912,0,0,3,1.0,3,3,ESTHH
10,S31,"Unspecified open wound of lower back and pelvis without penetration into retroperitoneum, initial encounter",S31.000A,ESTHH,900,900,0,900,0,0,900,0,0,3,1.0,3,3,ESTHH
10,S56,"Unspecified injury of flexor muscle, fascia and tendon of right thumb at forearm level, initial encounter",S56.001A,ESTHH,864,864,0,864,0,0,864,0,0,3,1.0,3,3,ESTHH
10,S12,"Unspecified displaced fracture of first cervical vertebra, initial encounter for closed fracture",S12.000A,ESTHH,840,840,0,840,0,0,840,0,0,3,1.0,3,3,ESTHH
10,S99,"Unspecified physeal fracture of right calcaneus, initial encounter for closed fracture",S99.001A,ESTHH,828,828,0,828,0,0,828,0,0,3,1.0,3,3,ESTHH
10,O36,"Maternal care for anti-D [Rh] antibodies, first trimester, not applicable or unspecified",O36.0110,ESTHH,798,798,0,798,0,0,798,0,0,3,1.0,3,3,ESTHH
10,S89,"Unspecified physeal fracture of upper end of right tibia, initial encounter for closed fracture",S89.001A,ESTHH,756,756,0,756,0,0,756,0,0,3,1.0,3,3,ESTHH
10,T84,"Broken internal right hip prosthesis, initial encounter",T84.010A,ESTHH,750,750,0,750,0,0,750,0,0,3,1.0,3,3,ESTHH
10,T24,"Burn of unspecified degree of unspecified site of right lower limb, except ankle and foot, initial encounter",T24.001A,ESTHH,720,720,0,720,0,0,720,0,0,3,1.0,3,3,ESTHH
10,S59,"Unspecified physeal fracture of lower end of ulna, right arm, initial encounter for closed fracture",S59.001A,ESTHH,720,720,0,720,0,0,720,0,0,3,1.0,3,3,ESTHH
10,S91,"Unspecified open wound, right ankle, initial encounter",S91.001A,ESTHH,720,720,0,720,0,0,720,0,0,3,1.0,3,3,ESTHH
10,S22,"Wedge compression fracture of unspecified thoracic vertebra, initial encounter for closed fracture",S22.000A,ESTHH,708,708,0,708,0,0,708,0,0,3,1.0,3,3,ESTHH
10,T43,"Poisoning by tricyclic antidepressants, accidental (unintentional), initial encounter",T43.011A,ESTHH,708,708,0,708,0,0,708,0,0,3,1.0,3,3,ESTHH
10,S83,"Unspecified subluxation of right patella, initial encounter",S83.001A,ESTHH,702,702,0,702,0,0,702,0,0,3,1.0,3,3,ESTHH
10,T50,"Poisoning by mineralocorticoids and their antagonists, accidental (unintentional), initial encounter",T50.0X1A,ESTHH,684,684,0,684,0,0,684,0,0,3,1.0,3,3,ESTHH
10,S36,"Unspecified injury of spleen, initial encounter",S36.00XA,ESTHH,672,672,0,672,0,0,672,0,0,3,1.0,3,3,ESTHH
10,S93,"Subluxation of right ankle joint, initial encounter",S93.01XA,ESTHH,672,672,0,672,0,0,672,0,0,3,1.0,3,3,ESTHH
10,S43,"Unspecified subluxation of right shoulder joint, initial encounter",S43.001A,ESTHH,666,666,0,666,0,0,666,0,0,3,1.0,3,3,ESTHH
10,M80,"Age-related osteoporosis with current pathological fracture, unspecified site, initial encounter for fracture",M80.00XA,ESTHH,648,648,0,648,0,0,648,0,0,3,1.0,3,3,ESTHH
10,T85,"Breakdown (mechanical) of ventricular intracranial (communicating) shunt, initial encounter",T85.01XA,ESTHH,618,618,0,618,0,0,618,0,0,3,1.0,3,3,ESTHH
10,S90,"Contusion of unspecified ankle, initial encounter",S90.00XA,ESTHH,612,612,0,612,0,0,612,0,0,3,1.0,3,3,ESTHH
10,T82,"Breakdown (mechanical) of heart valve prosthesis, initial encounter",T82.01XA,ESTHH,594,594,0,594,0,0,594,0,0,3,1.0,3,3,ESTHH
10,T40,"Poisoning by opium, accidental (unintentional), initial encounter",T40.0X1A,ESTHH,588,588,0,588,0,0,588,0,0,3,1.0,3,3,ESTHH
10,S20,"Contusion of breast, unspecified breast, initial encounter",S20.00XA,ESTHH,588,588,0,588,0,0,588,0,0,3,1.0,3,3,ESTHH
10,Y36,"War operations involving explosion of unspecified marine weapon, military personnel, initial encounter",Y36.000A,ESTHH,582,582,0,582,0,0,582,0,0,3,1.0,3,3,ESTHH
10,S21,"Unspecified open wound of right breast, initial encounter",S21.001A,ESTHH,576,576,0,576,0,0,576,0,0,3,1.0,3,3,ESTHH
10,T25,"Burn of unspecified degree of right ankle, initial encounter",T25.011A,ESTHH,576,576,0,576,0,0,576,0,0,3,1.0,3,3,ESTHH
10,S00,"Unspecified superficial injury of scalp, initial encounter",S00.00XA,ESTHH,576,576,0,576,0,0,576,0,0,3,1.0,3,3,ESTHH
10,S65,"Unspecified injury of ulnar artery at wrist and hand level of right arm, initial encounter",S65.001A,ESTHH,558,558,0,558,0,0,558,0,0,3,1.0,3,3,ESTHH
10,Y35,"Legal intervention involving unspecified firearm discharge, law enforcement official injured, initial encounter",Y35.001A,ESTHH,552,552,0,552,0,0,552,0,0,3,1.0,3,3,ESTHH
10,T45,"Poisoning by antiallergic and antiemetic drugs, accidental (unintentional), initial encounter",T45.0X1A,ESTHH,540,540,0,540,0,0,540,0,0,3,1.0,3,3,ESTHH
10,S85,"Unspecified injury of popliteal artery, right leg, initial encounter",S85.001A,ESTHH,540,540,0,540,0,0,540,0,0,3,1.0,3,3,ESTHH
10,S01,"Unspecified open wound of scalp, initial encounter",S01.00XA,ESTHH,540,540,0,540,0,0,540,0,0,3,1.0,3,3,ESTHH
10,Y37,"Military operations involving explosion of unspecified marine weapon, military personnel, initial encounter",Y37.000A,ESTHH,534,534,0,534,0,0,534,0,0,3,1.0,3,3,ESTHH
10,S82,"Unspecified fracture of right patella, initial encounter for closed fracture",S82.001A,ESTNR,6192,6192,0,6192,0,0,6192,0,0,3,1.0,3,3,ESTNR
10,S52,"Unspecified fracture of upper end of right ulna, initial encounter for closed fracture",S52.001A,ESTNR,5592,5592,0,5592,0,0,5592,0,0,3,1.0,3,3,ESTNR
10,S72,"Fracture of unspecified part of neck of right femur, initial encounter for closed fracture",S72.001A,ESTNR,4932,4932,0,4932,0,0,4932,0,0,3,1.0,3,3,ESTNR
10,S62,"Unspecified fracture of navicular [scaphoid] bone of right wrist, initial encounter for closed fracture",S62.001A,ESTNR,3822,3822,0,3822,0,0,3822,0,0,3,1.0,3,3,ESTNR
10,S42,"Fracture of unspecified part of right clavicle, initial encounter for closed fracture",S42.001A,ESTNR,2796,2796,0,2796,0,0,2796,0,0,3,1.0,3,3,ESTNR
10,S92,"Unspecified fracture of right calcaneus, initial encounter for closed fracture",S92.001A,ESTNR,2772,2772,0,2772,0,0,2772,0,0,3,1.0,3,3,ESTNR
10,S63,"Unspecified subluxation of right wrist and hand, initial encounter",S63.001A,ESTNR,1914,1914,0,1914,0,0,1914,0,0,3,1.0,3,3,ESTNR
10,M84,"Stress fracture, unspecified site, initial encounter for fracture",M84.30XA,ESTNR,1856,1856,0,1856,0,0,1856,0,0,3,1.0,3,3,ESTNR
10,S32,"Wedge compression fracture of unspecified lumbar vertebra, initial encounter for closed fracture",S32.000A,ESTNR,1692,1692,0,1692,0,0,1692,0,0,3,1.0,3,3,ESTNR
10,S06,"Concussion without loss of consciousness, initial encounter",S06.0X0A,ESTNR,1324,1324,0,1324,0,0,1170,154,0,3,0.8836858006042296,4,"3,4",ESTNR
10,T23,"Burn of unspecified degree of right hand, unspecified site, initial encounter",T23.001A,ESTNR,1296,1296,0,1296,0,0,1296,0,0,3,1.0,3,3,ESTNR
10,S61,"Unspecified open wound of right thumb without damage to nail, initial encounter",S61.001A,ESTNR,1152,1152,0,1152,0,0,1152,0,0,3,1.0,3,3,ESTNR
10,S66,"Unspecified injury of long flexor muscle, fascia and tendon of right thumb at wrist and hand level, initial encounter",S66.001A,ESTNR,1080,1080,0,1080,0,0,1080,0,0,3,1.0,3,3,ESTNR
10,T22,"Burn of unspecified degree of shoulder and upper limb, except wrist and hand, unspecified site, initial encounter",T22.00XA,ESTNR,1056,1056,0,1056,0,0,1056,0,0,3,1.0,3,3,ESTNR
10,S60,"Contusion of unspecified finger without damage to nail, initial encounter",S60.00XA,ESTNR,1044,1044,0,1044,0,0,1044,0,0,3,1.0,3,3,ESTNR
10,S02,"Fracture of vault of skull, initial encounter for closed fracture",S02.0XXA,ESTNR,1020,1020,0,1020,0,0,1020,0,0,3,1.0,3,3,ESTNR
10,T63,"Toxic effect of unspecified snake venom, accidental (unintentional), initial encounter",T63.001A,ESTNR,912,912,0,912,0,0,912,0,0,3,1.0,3,3,ESTNR
10,S31,"Unspecified open wound of lower back and pelvis without penetration into retroperitoneum, initial encounter",S31.000A,ESTNR,900,900,0,900,0,0,900,0,0,3,1.0,3,3,ESTNR
10,S56,"Unspecified injury of flexor muscle, fascia and tendon of right thumb at forearm level, initial encounter",S56.001A,ESTNR,864,864,0,864,0,0,864,0,0,3,1.0,3,3,ESTNR
10,S12,"Unspecified displaced fracture of first cervical vertebra, initial encounter for closed fracture",S12.000A,ESTNR,840,840,0,840,0,0,840,0,0,3,1.0,3,3,ESTNR
10,S99,"Unspecified physeal fracture of right calcaneus, initial encounter for closed fracture",S99.001A,ESTNR,828,828,0,828,0,0,828,0,0,3,1.0,3,3,ESTNR
10,O36,"Maternal care for anti-D [Rh] antibodies, first trimester, not applicable or unspecified",O36.0110,ESTNR,798,798,0,798,0,0,798,0,0,3,1.0,3,3,ESTNR
10,S89,"Unspecified physeal fracture of upper end of right tibia, initial encounter for closed fracture",S89.001A,ESTNR,756,756,0,756,0,0,756,0,0,3,1.0,3,3,ESTNR
10,T84,"Broken internal right hip prosthesis, initial encounter",T84.010A,ESTNR,750,750,0,750,0,0,750,0,0,3,1.0,3,3,ESTNR
10,T24,"Burn of unspecified degree of unspecified site of right lower limb, except ankle and foot, initial encounter",T24.001A,ESTNR,720,720,0,720,0,0,720,0,0,3,1.0,3,3,ESTNR
10,S59,"Unspecified physeal fracture of lower end of ulna, right arm, initial encounter for closed fracture",S59.001A,ESTNR,720,720,0,720,0,0,720,0,0,3,1.0,3,3,ESTNR
10,S91,"Unspecified open wound, right ankle, initial encounter",S91.001A,ESTNR,720,720,0,720,0,0,720,0,0,3,1.0,3,3,ESTNR
10,S22,"Wedge compression fracture of unspecified thoracic vertebra, initial encounter for closed fracture",S22.000A,ESTNR,708,708,0,708,0,0,708,0,0,3,1.0,3,3,ESTNR
10,T43,"Poisoning by tricyclic antidepressants, accidental (unintentional), initial encounter",T43.011A,ESTNR,708,708,0,708,0,0,708,0,0,3,1.0,3,3,ESTNR
10,S83,"Unspecified subluxation of right patella, initial encounter",S83.001A,ESTNR,702,702,0,702,0,0,702,0,0,3,1.0,3,3,ESTNR
10,T50,"Poisoning by mineralocorticoids and their antagonists, accidental (unintentional), initial encounter",T50.0X1A,ESTNR,684,684,0,684,0,0,684,0,0,3,1.0,3,3,ESTNR
10,S36,"Unspecified injury of spleen, initial encounter",S36.00XA,ESTNR,672,672,0,672,0,0,672,0,0,3,1.0,3,3,ESTNR
10,S93,"Subluxation of right ankle joint, initial encounter",S93.01XA,ESTNR,672,672,0,672,0,0,672,0,0,3,1.0,3,3,ESTNR
10,S43,"Unspecified subluxation of right shoulder joint, initial encounter",S43.001A,ESTNR,666,666,0,666,0,0,666,0,0,3,1.0,3,3,ESTNR
10,M80,"Age-related osteoporosis with current pathological fracture, unspecified site, initial encounter for fracture",M80.00XA,ESTNR,648,648,0,648,0,0,648,0,0,3,1.0,3,3,ESTNR
10,T85,"Breakdown (mechanical) of ventricular intracranial (communicating) shunt, initial encounter",T85.01XA,ESTNR,618,618,0,618,0,0,618,0,0,3,1.0,3,3,ESTNR
10,S90,"Contusion of unspecified ankle, initial encounter",S90.00XA,ESTNR,612,612,0,612,0,0,612,0,0,3,1.0,3,3,ESTNR
10,T82,"Breakdown (mechanical) of heart valve prosthesis, initial encounter",T82.01XA,ESTNR,594,594,0,594,0,0,594,0,0,3,1.0,3,3,ESTNR
10,T40,"Poisoning by opium, accidental (unintentional), initial encounter",T40.0X1A,ESTNR,588,588,0,588,0,0,588,0,0,3,1.0,3,3,ESTNR
10,S20,"Contusion of breast, unspecified breast, initial encounter",S20.00XA,ESTNR,588,588,0,588,0,0,588,0,0,3,1.0,3,3,ESTNR
10,Y36,"War operations involving explosion of unspecified marine weapon, military personnel, initial encounter",Y36.000A,ESTNR,582,582,0,582,0,0,582,0,0,3,1.0,3,3,ESTNR
10,S21,"Unspecified open wound of right breast, initial encounter",S21.001A,ESTNR,576,576,0,576,0,0,576,0,0,3,1.0,3,3,ESTNR
10,T25,"Burn of unspecified degree of right ankle, initial encounter",T25.011A,ESTNR,576,576,0,576,0,0,576,0,0,3,1.0,3,3,ESTNR
10,S00,"Unspecified superficial injury of scalp, initial encounter",S00.00XA,ESTNR,576,576,0,576,0,0,576,0,0,3,1.0,3,3,ESTNR
10,S65,"Unspecified injury of ulnar artery at wrist and hand level of right arm, initial encounter",S65.001A,ESTNR,558,558,0,558,0,0,558,0,0,3,1.0,3,3,ESTNR
10,Y35,"Legal intervention involving unspecified firearm discharge, law enforcement official injured, initial encounter",Y35.001A,ESTNR,552,552,0,552,0,0,552,0,0,3,1.0,3,3,ESTNR
10,T45,"Poisoning by antiallergic and antiemetic drugs, accidental (unintentional), initial encounter",T45.0X1A,ESTNR,540,540,0,540,0,0,540,0,0,3,1.0,3,3,ESTNR
10,S85,"Unspecified injury of popliteal artery, right leg, initial encounter",S85.001A,ESTNR,540,540,0,540,0,0,540,0,0,3,1.0,3,3,ESTNR
10,S01,"Unspecified open wound of scalp, initial encounter",S01.00XA,ESTNR,540,540,0,540,0,0,540,0,0,3,1.0,3,3,ESTNR
10,Y37,"Military operations involving explosion of unspecified marine weapon, military personnel, initial encounter",Y37.000A,ESTNR,534,534,0,534,0,0,534,0,0,3,1.0,3,3,ESTNR
10,S82,"Unspecified fracture of right patella, initial encounter for closed fracture",S82.001A,ESTOV,6192,6192,0,6192,0,0,6192,0,0,3,1.0,3,3,ESTOV
10,S52,"Unspecified fracture of upper end of right ulna, initial encounter for closed fracture",S52.001A,ESTOV,5592,5592,0,5592,0,0,5592,0,0,3,1.0,3,3,ESTOV
10,S72,"Fracture of unspecified part of neck of right femur, initial encounter for closed fracture",S72.001A,ESTOV,4932,4932,0,4932,0,0,4932,0,0,3,1.0,3,3,ESTOV
10,S62,"Unspecified fracture of navicular [scaphoid] bone of right wrist, initial encounter for closed fracture",S62.001A,ESTOV,3822,3822,0,3822,0,0,3822,0,0,3,1.0,3,3,ESTOV
10,S42,"Fracture of unspecified part of right clavicle, initial encounter for closed fracture",S42.001A,ESTOV,2796,2796,0,2796,0,0,2796,0,0,3,1.0,3,3,ESTOV
10,S92,"Unspecified fracture of right calcaneus, initial encounter for closed fracture",S92.001A,ESTOV,2772,2772,0,2772,0,0,2772,0,0,3,1.0,3,3,ESTOV
10,S63,"Unspecified subluxation of right wrist and hand, initial encounter",S63.001A,ESTOV,1914,1914,0,1914,0,0,1914,0,0,3,1.0,3,3,ESTOV
10,M84,"Stress fracture, unspecified site, initial encounter for fracture",M84.30XA,ESTOV,1856,1856,0,1856,0,0,1856,0,0,3,1.0,3,3,ESTOV
10,S32,"Wedge compression fracture of unspecified lumbar vertebra, initial encounter for closed fracture",S32.000A,ESTOV,1692,1692,0,1692,0,0,1692,0,0,3,1.0,3,3,ESTOV
10,S06,"Concussion without loss of consciousness, initial encounter",S06.0X0A,ESTOV,1324,1324,0,1324,0,0,1170,154,0,3,0.8836858006042296,4,"3,4",ESTOV
10,T23,"Burn of unspecified degree of right hand, unspecified site, initial encounter",T23.001A,ESTOV,1296,1296,0,1296,0,0,1296,0,0,3,1.0,3,3,ESTOV
10,S61,"Unspecified open wound of right thumb without damage to nail, initial encounter",S61.001A,ESTOV,1152,1152,0,1152,0,0,1152,0,0,3,1.0,3,3,ESTOV
10,S66,"Unspecified injury of long flexor muscle, fascia and tendon of right thumb at wrist and hand level, initial encounter",S66.001A,ESTOV,1080,1080,0,1080,0,0,1080,0,0,3,1.0,3,3,ESTOV
10,T22,"Burn of unspecified degree of shoulder and upper limb, except wrist and hand, unspecified site, initial encounter",T22.00XA,ESTOV,1056,1056,0,1056,0,0,1056,0,0,3,1.0,3,3,ESTOV
10,S60,"Contusion of unspecified finger without damage to nail, initial encounter",S60.00XA,ESTOV,1044,1044,0,1044,0,0,1044,0,0,3,1.0,3,3,ESTOV
10,S02,"Fracture of vault of skull, initial encounter for closed fracture",S02.0XXA,ESTOV,1020,1020,0,1020,0,0,1020,0,0,3,1.0,3,3,ESTOV
10,T63,"Toxic effect of unspecified snake venom, accidental (unintentional), initial encounter",T63.001A,ESTOV,912,912,0,912,0,0,912,0,0,3,1.0,3,3,ESTOV
10,S31,"Unspecified open wound of lower back and pelvis without penetration into retroperitoneum, initial encounter",S31.000A,ESTOV,900,900,0,900,0,0,900,0,0,3,1.0,3,3,ESTOV
10,S56,"Unspecified injury of flexor muscle, fascia and tendon of right thumb at forearm level, initial encounter",S56.001A,ESTOV,864,864,0,864,0,0,864,0,0,3,1.0,3,3,ESTOV
10,S12,"Unspecified displaced fracture of first cervical vertebra, initial encounter for closed fracture",S12.000A,ESTOV,840,840,0,840,0,0,840,0,0,3,1.0,3,3,ESTOV
10,S99,"Unspecified physeal fracture of right calcaneus, initial encounter for closed fracture",S99.001A,ESTOV,828,828,0,828,0,0,828,0,0,3,1.0,3,3,ESTOV
10,O36,"Maternal care for anti-D [Rh] antibodies, first trimester, not applicable or unspecified",O36.0110,ESTOV,798,798,0,798,0,0,798,0,0,3,1.0,3,3,ESTOV
10,S89,"Unspecified physeal fracture of upper end of right tibia, initial encounter for closed fracture",S89.001A,ESTOV,756,756,0,756,0,0,756,0,0,3,1.0,3,3,ESTOV
10,T84,"Broken internal right hip prosthesis, initial encounter",T84.010A,ESTOV,750,750,0,750,0,0,750,0,0,3,1.0,3,3,ESTOV
10,T24,"Burn of unspecified degree of unspecified site of right lower limb, except ankle and foot, initial encounter",T24.001A,ESTOV,720,720,0,720,0,0,720,0,0,3,1.0,3,3,ESTOV
10,S59,"Unspecified physeal fracture of lower end of ulna, right arm, initial encounter for closed fracture",S59.001A,ESTOV,720,720,0,720,0,0,720,0,0,3,1.0,3,3,ESTOV
10,S91,"Unspecified open wound, right ankle, initial encounter",S91.001A,ESTOV,720,720,0,720,0,0,720,0,0,3,1.0,3,3,ESTOV
10,S22,"Wedge compression fracture of unspecified thoracic vertebra, initial encounter for closed fracture",S22.000A,ESTOV,708,708,0,708,0,0,708,0,0,3,1.0,3,3,ESTOV
10,T43,"Poisoning by tricyclic antidepressants, accidental (unintentional), initial encounter",T43.011A,ESTOV,708,708,0,708,0,0,708,0,0,3,1.0,3,3,ESTOV
10,S83,"Unspecified subluxation of right patella, initial encounter",S83.001A,ESTOV,702,702,0,702,0,0,702,0,0,3,1.0,3,3,ESTOV
10,T50,"Poisoning by mineralocorticoids and their antagonists, accidental (unintentional), initial encounter",T50.0X1A,ESTOV,684,684,0,684,0,0,684,0,0,3,1.0,3,3,ESTOV
10,S36,"Unspecified injury of spleen, initial encounter",S36.00XA,ESTOV,672,672,0,672,0,0,672,0,0,3,1.0,3,3,ESTOV
10,S93,"Subluxation of right ankle joint, initial encounter",S93.01XA,ESTOV,672,672,0,672,0,0,672,0,0,3,1.0,3,3,ESTOV
10,S43,"Unspecified subluxation of right shoulder joint, initial encounter",S43.001A,ESTOV,666,666,0,666,0,0,666,0,0,3,1.0,3,3,ESTOV
10,M80,"Age-related osteoporosis with current pathological fracture, unspecified site, initial encounter for fracture",M80.00XA,ESTOV,648,648,0,648,0,0,648,0,0,3,1.0,3,3,ESTOV
10,T85,"Breakdown (mechanical) of ventricular intracranial (communicating) shunt, initial encounter",T85.01XA,ESTOV,618,618,0,618,0,0,618,0,0,3,1.0,3,3,ESTOV
10,S90,"Contusion of unspecified ankle, initial encounter",S90.00XA,ESTOV,612,612,0,612,0,0,612,0,0,3,1.0,3,3,ESTOV
10,T82,"Breakdown (mechanical) of heart valve prosthesis, initial encounter",T82.01XA,ESTOV,594,594,0,594,0,0,594,0,0,3,1.0,3,3,ESTOV
10,T40,"Poisoning by opium, accidental (unintentional), initial encounter",T40.0X1A,ESTOV,588,588,0,588,0,0,588,0,0,3,1.0,3,3,ESTOV
10,S20,"Contusion of breast, unspecified breast, initial encounter",S20.00XA,ESTOV,588,588,0,588,0,0,588,0,0,3,1.0,3,3,ESTOV
10,Y36,"War operations involving explosion of unspecified marine weapon, military personnel, initial encounter",Y36.000A,ESTOV,582,582,0,582,0,0,582,0,0,3,1.0,3,3,ESTOV
10,S21,"Unspecified open wound of right breast, initial encounter",S21.001A,ESTOV,576,576,0,576,0,0,576,0,0,3,1.0,3,3,ESTOV
10,T25,"Burn of unspecified degree of right ankle, initial encounter",T25.011A,ESTOV,576,576,0,576,0,0,576,0,0,3,1.0,3,3,ESTOV
10,S00,"Unspecified superficial injury of scalp, initial encounter",S00.00XA,ESTOV,576,576,0,576,0,0,576,0,0,3,1.0,3,3,ESTOV
10,S65,"Unspecified injury of ulnar artery at wrist and hand level of right arm, initial encounter",S65.001A,ESTOV,558,558,0,558,0,0,558,0,0,3,1.0,3,3,ESTOV
10,Y35,"Legal intervention involving unspecified firearm discharge, law enforcement official injured, initial encounter",Y35.001A,ESTOV,552,552,0,552,0,0,552,0,0,3,1.0,3,3,ESTOV
10,T45,"Poisoning by antiallergic and antiemetic drugs, accidental (unintentional), initial encounter",T45.0X1A,ESTOV,540,540,0,540,0,0,540,0,0,3,1.0,3,3,ESTOV
10,S85,"Unspecified injury of popliteal artery, right leg, initial encounter",S85.001A,ESTOV,540,540,0,540,0,0,540,0,0,3,1.0,3,3,ESTOV
10,S01,"Unspecified open wound of scalp, initial encounter",S01.00XA,ESTOV,540,540,0,540,0,0,540,0,0,3,1.0,3,3,ESTOV
10,Y37,"Military operations involving explosion of unspecified marine weapon, military personnel, initial encounter",Y37.000A,ESTOV,534,534,0,534,0,0,534,0,0,3,1.0,3,3,ESTOV
10,S82,"Unspecified fracture of right patella, initial encounter for closed fracture",S82.001A,EYEES,6192,6192,0,6192,0,6192,0,0,0,2,1.0,2,2,EYEES
10,S52,"Unspecified fracture of upper end of right ulna, initial encounter for closed fracture",S52.001A,EYEES,5592,5592,0,5592,0,5592,0,0,0,2,1.0,2,2,EYEES
10,S72,"Fracture of unspecified part of neck of right femur, initial encounter for closed fracture",S72.001A,EYEES,4932,4932,0,4932,0,4932,0,0,0,2,1.0,2,2,EYEES
10,S62,"Unspecified fracture of navicular [scaphoid] bone of right wrist, initial encounter for closed fracture",S62.001A,EYEES,3822,3822,0,3822,0,3822,0,0,0,2,1.0,2,2,EYEES
10,S42,"Fracture of unspecified part of right clavicle, initial encounter for closed fracture",S42.001A,EYEES,2796,2796,0,2796,0,2796,0,0,0,2,1.0,2,2,EYEES
10,S92,"Unspecified fracture of right calcaneus, initial encounter for closed fracture",S92.001A,EYEES,2772,2772,0,2772,0,2772,0,0,0,2,1.0,2,2,EYEES
10,S63,"Unspecified subluxation of right wrist and hand, initial encounter",S63.001A,EYEES,1914,1914,0,1914,0,1914,0,0,0,2,1.0,2,2,EYEES
10,M84,"Stress fracture, unspecified site, initial encounter for fracture",M84.30XA,EYEES,1856,1856,0,1856,0,1856,0,0,0,2,1.0,2,2,EYEES
10,S32,"Wedge compression fracture of unspecified lumbar vertebra, initial encounter for closed fracture",S32.000A,EYEES,1692,1692,0,1692,0,1692,0,0,0,2,1.0,2,2,EYEES
10,S06,"Concussion without loss of consciousness, initial encounter",S06.0X0A,EYEES,1324,1324,0,1324,0,1170,0,154,0,2,0.8836858006042296,4,"2,4",EYEES
10,T23,"Burn of unspecified degree of right hand, unspecified site, initial encounter",T23.001A,EYEES,1296,1296,0,1296,0,1296,0,0,0,2,1.0,2,2,EYEES
10,S61,"Unspecified open wound of right thumb without damage to nail, initial encounter",S61.001A,EYEES,1152,1152,0,1152,0,1152,0,0,0,2,1.0,2,2,EYEES
10,S66,"Unspecified injury of long flexor muscle, fascia and tendon of right thumb at wrist and hand level, initial encounter",S66.001A,EYEES,1080,1080,0,1080,0,1080,0,0,0,2,1.0,2,2,EYEES
10,T22,"Burn of unspecified degree of shoulder and upper limb, except wrist and hand, unspecified site, initial encounter",T22.00XA,EYEES,1056,1056,0,1056,0,1056,0,0,0,2,1.0,2,2,EYEES
10,S60,"Contusion of unspecified finger without damage to nail, initial encounter",S60.00XA,EYEES,1044,1044,0,1044,0,1044,0,0,0,2,1.0,2,2,EYEES
10,S02,"Fracture of vault of skull, initial encounter for closed fracture",S02.0XXA,EYEES,1020,1020,0,1020,0,1020,0,0,0,2,1.0,2,2,EYEES
10,T63,"Toxic effect of unspecified snake venom, accidental (unintentional), initial encounter",T63.001A,EYEES,912,912,0,912,0,912,0,0,0,2,1.0,2,2,EYEES
10,S31,"Unspecified open wound of lower back and pelvis without penetration into retroperitoneum, initial encounter",S31.000A,EYEES,900,900,0,900,0,900,0,0,0,2,1.0,2,2,EYEES
10,S56,"Unspecified injury of flexor muscle, fascia and tendon of right thumb at forearm level, initial encounter",S56.001A,EYEES,864,864,0,864,0,864,0,0,0,2,1.0,2,2,EYEES
10,S12,"Unspecified displaced fracture of first cervical vertebra, initial encounter for closed fracture",S12.000A,EYEES,840,840,0,840,0,840,0,0,0,2,1.0,2,2,EYEES
10,S99,"Unspecified physeal fracture of right calcaneus, initial encounter for closed fracture",S99.001A,EYEES,828,828,0,828,0,828,0,0,0,2,1.0,2,2,EYEES
10,O36,"Maternal care for anti-D [Rh] antibodies, first trimester, not applicable or unspecified",O36.0110,EYEES,798,798,0,798,0,798,0,0,0,2,1.0,2,2,EYEES
10,S89,"Unspecified physeal fracture of upper end of right tibia, initial encounter for closed fracture",S89.001A,EYEES,756,756,0,756,0,756,0,0,0,2,1.0,2,2,EYEES
10,T84,"Broken internal right hip prosthesis, initial encounter",T84.010A,EYEES,750,750,0,750,0,750,0,0,0,2,1.0,2,2,EYEES
10,T24,"Burn of unspecified degree of unspecified site of right lower limb, except ankle and foot, initial encounter",T24.001A,EYEES,720,720,0,720,0,720,0,0,0,2,1.0,2,2,EYEES
10,S91,"Unspecified open wound, right ankle, initial encounter",S91.001A,EYEES,720,720,0,720,0,720,0,0,0,2,1.0,2,2,EYEES
10,S59,"Unspecified physeal fracture of lower end of ulna, right arm, initial encounter for closed fracture",S59.001A,EYEES,720,720,0,720,0,720,0,0,0,2,1.0,2,2,EYEES
10,T43,"Poisoning by tricyclic antidepressants, accidental (unintentional), initial encounter",T43.011A,EYEES,708,708,0,708,0,708,0,0,0,2,1.0,2,2,EYEES
10,S22,"Wedge compression fracture of unspecified thoracic vertebra, initial encounter for closed fracture",S22.000A,EYEES,708,708,0,708,0,708,0,0,0,2,1.0,2,2,EYEES
10,S83,"Unspecified subluxation of right patella, initial encounter",S83.001A,EYEES,702,702,0,702,0,702,0,0,0,2,1.0,2,2,EYEES
10,T50,"Poisoning by mineralocorticoids and their antagonists, accidental (unintentional), initial encounter",T50.0X1A,EYEES,684,684,0,684,0,684,0,0,0,2,1.0,2,2,EYEES
10,S36,"Unspecified injury of spleen, initial encounter",S36.00XA,EYEES,672,672,0,672,0,672,0,0,0,2,1.0,2,2,EYEES
10,S93,"Subluxation of right ankle joint, initial encounter",S93.01XA,EYEES,672,672,0,672,0,672,0,0,0,2,1.0,2,2,EYEES
10,S43,"Unspecified subluxation of right shoulder joint, initial encounter",S43.001A,EYEES,666,666,0,666,0,666,0,0,0,2,1.0,2,2,EYEES
10,M80,"Age-related osteoporosis with current pathological fracture, unspecified site, initial encounter for fracture",M80.00XA,EYEES,648,648,0,648,0,648,0,0,0,2,1.0,2,2,EYEES
10,T85,"Breakdown (mechanical) of ventricular intracranial (communicating) shunt, initial encounter",T85.01XA,EYEES,618,618,0,618,0,618,0,0,0,2,1.0,2,2,EYEES
10,S90,"Contusion of unspecified ankle, initial encounter",S90.00XA,EYEES,612,612,0,612,0,612,0,0,0,2,1.0,2,2,EYEES
10,T82,"Breakdown (mechanical) of heart valve prosthesis, initial encounter",T82.01XA,EYEES,594,594,0,594,0,594,0,0,0,2,1.0,2,2,EYEES
10,T40,"Poisoning by opium, accidental (unintentional), initial encounter",T40.0X1A,EYEES,588,588,0,588,0,588,0,0,0,2,1.0,2,2,EYEES
10,S20,"Contusion of breast, unspecified breast, initial encounter",S20.00XA,EYEES,588,588,0,588,0,588,0,0,0,2,1.0,2,2,EYEES
10,T25,"Burn of unspecified degree of right ankle, initial encounter",T25.011A,EYEES,576,576,0,576,0,576,0,0,0,2,1.0,2,2,EYEES
10,S00,"Unspecified superficial injury of scalp, initial encounter",S00.00XA,EYEES,576,576,0,576,0,576,0,0,0,2,1.0,2,2,EYEES
10,S21,"Unspecified open wound of right breast, initial encounter",S21.001A,EYEES,576,576,0,576,0,576,0,0,0,2,1.0,2,2,EYEES
10,S65,"Unspecified injury of ulnar artery at wrist and hand level of right arm, initial encounter",S65.001A,EYEES,558,558,0,558,0,558,0,0,0,2,1.0,2,2,EYEES
10,S01,"Unspecified open wound of scalp, initial encounter",S01.00XA,EYEES,540,540,0,540,0,504,0,36,0,2,0.9333333333333333,2,"2,4",EYEES
10,T45,"Poisoning by antiallergic and antiemetic drugs, accidental (unintentional), initial encounter",T45.0X1A,EYEES,540,540,0,540,0,540,0,0,0,2,1.0,2,2,EYEES
10,S85,"Unspecified injury of popliteal artery, right leg, initial encounter",S85.001A,EYEES,540,540,0,540,0,540,0,0,0,2,1.0,2,2,EYEES
10,T20,"Burn of unspecified degree of head, face, and neck, unspecified site, initial encounter",T20.00XA,EYEES,528,528,0,528,0,528,0,0,0,2,1.0,2,2,EYEES
10,S53,"Unspecified subluxation of right radial head, initial encounter",S53.001A,EYEES,522,522,0,522,0,522,0,0,0,2,1.0,2,2,EYEES
10,H02,Unspecified entropion of right upper eyelid,H02.001,EYEES,518,518,0,518,0,518,0,0,0,2,1.0,2,2,EYEES
