DP_KEY,ICD_ROOT,ICD_DESCRIPTION,REPRESENTATIVE_ICD,PROC_GROUP,n,n_valid,n_null,n_total,count_1,count_2,count_3,count_4,count_5,mode_los,mode_conf,HAL_0.90,feasible_levels
9,209,NEUROENDOCRINE TUMORS,209,ESTDC,65,65,65,130,0,0,31,34,0,4,0.5230769230769231,4,"3,4"
9,10,PRIMARY TUBERCULOUS INFECTION,10,ESTDC,33,33,33,66,0,0,17,16,0,3,0.5151515151515151,4,"3,4"
9,361,RETINAL DETACHMENTS AND DEFECTS,361,ESTDC,27,27,27,54,0,0,13,14,0,4,0.5185185185185185,4,"3,4"
9,333,OTHER EXTRAPYRAMIDAL DISEASE AND ABNORMAL MOVEMENT DISORDERS,333,ESTDC,26,26,26,52,0,0,12,14,0,4,0.5384615384615384,4,"3,4"
9,V43,ORGAN OR TISSUE REPLACED BY OTHER MEANS,V43,ESTDC,24,24,24,48,0,0,10,14,0,4,0.5833333333333334,4,"3,4"
9,209,NEUROENDOCRINE TUMORS,209,ESTHH,65,65,65,130,0,0,31,34,0,4,0.5230769230769231,4,"3,4"
9,10,PRIMARY TUBERCULOUS INFECTION,10,ESTHH,33,33,33,66,0,0,17,16,0,3,0.5151515151515151,4,"3,4"
9,361,RETINAL DETACHMENTS AND DEFECTS,361,ESTHH,27,27,27,54,0,0,13,14,0,4,0.5185185185185185,4,"3,4"
9,333,OTHER EXTRAPYRAMIDAL DISEASE AND ABNORMAL MOVEMENT DISORDERS,333,ESTHH,26,26,26,52,0,0,12,14,0,4,0.5384615384615384,4,"3,4"
9,V43,ORGAN OR TISSUE REPLACED BY OTHER MEANS,V43,ESTHH,24,24,24,48,0,0,10,14,0,4,0.5833333333333334,4,"3,4"
9,209,NEUROENDOCRINE TUMORS,209,ESTNR,65,65,65,130,0,0,31,34,0,4,0.5230769230769231,4,"3,4"
9,10,PRIMARY TUBERCULOUS INFECTION,10,ESTNR,33,33,33,66,0,0,17,16,0,3,0.5151515151515151,4,"3,4"
9,361,RETINAL DETACHMENTS AND DEFECTS,361,ESTNR,27,27,27,54,0,0,13,14,0,4,0.5185185185185185,4,"3,4"
9,333,OTHER EXTRAPYRAMIDAL DISEASE AND ABNORMAL MOVEMENT DISORDERS,333,ESTNR,26,26,26,52,0,0,12,14,0,4,0.5384615384615384,4,"3,4"
9,V43,ORGAN OR TISSUE REPLACED BY OTHER MEANS,V43,ESTNR,24,24,24,48,0,0,10,14,0,4,0.5833333333333334,4,"3,4"
9,209,NEUROENDOCRINE TUMORS,209,ESTOV,130,130,0,130,0,0,62,68,0,4,0.5230769230769231,4,"3,4"
9,10,PRIMARY TUBERCULOUS INFECTION,10,ESTOV,66,66,0,66,0,0,34,32,0,3,0.5151515151515151,4,"3,4"
9,361,RETINAL DETACHMENTS AND DEFECTS,361,ESTOV,54,54,0,54,0,0,26,28,0,4,0.5185185185185185,4,"3,4"
9,333,OTHER EXTRAPYRAMIDAL DISEASE AND ABNORMAL MOVEMENT DISORDERS,333,ESTOV,52,52,0,52,0,0,24,28,0,4,0.5384615384615384,4,"3,4"
9,V43,ORGAN OR TISSUE REPLACED BY OTHER MEANS,V43,ESTOV,48,48,0,48,0,0,20,28,0,4,0.5833333333333334,4,"3,4"
9,518,OTHER DISEASES OF LUNG,518,ESTOV,36,36,0,36,0,0,20,16,0,3,0.5555555555555556,4,"3,4"
9,331,OTHER CEREBRAL DEGENERATIONS,331,ESTOV,34,34,0,34,0,0,14,20,0,4,0.5882352941176471,4,"3,4"
9,66,OTHER ARTHROPOD-BORNE VIRAL DISEASES,66,ESTOV,24,24,0,24,0,0,14,10,0,3,0.5833333333333334,4,"3,4"
9,209,NEUROENDOCRINE TUMORS,209,EYEES,130,130,0,130,0,62,0,68,0,4,0.5230769230769231,4,"2,4"
9,376,DISORDERS OF THE ORBIT,376,EYEES,84,84,0,84,0,48,0,36,0,2,0.5714285714285714,4,"2,4"
9,10,PRIMARY TUBERCULOUS INFECTION,10,EYEES,66,66,0,66,0,34,0,32,0,2,0.5151515151515151,4,"2,4"
9,361,RETINAL DETACHMENTS AND DEFECTS,361,EYEES,54,54,0,54,0,26,0,28,0,4,0.5185185185185185,4,"2,4"
9,333,OTHER EXTRAPYRAMIDAL DISEASE AND ABNORMAL MOVEMENT DISORDERS,333,EYEES,52,52,0,52,0,24,0,28,0,4,0.5384615384615384,4,"2,4"
9,518,OTHER DISEASES OF LUNG,518,EYEES,36,36,0,36,0,20,0,16,0,2,0.5555555555555556,4,"2,4"
9,331,OTHER CEREBRAL DEGENERATIONS,331,EYEES,34,34,0,34,0,18,0,16,0,2,0.5294117647058824,4,"2,4"
9,66,OTHER ARTHROPOD-BORNE VIRAL DISEASES,66,EYEES,24,24,0,24,0,14,0,10,0,2,0.5833333333333334,4,"2,4"
9,716,OTHER AND UNSPECIFIED ARTHROPATHIES,716,EYENW,198,198,0,198,0,112,0,86,0,2,0.5656565656565656,4,"2,4"
9,379,OTHER DISORDERS OF EYE,379,EYENW,130,130,0,130,0,62,0,68,0,4,0.5230769230769231,4,"2,4"
9,733,OTHER DISORDERS OF BONE AND CARTILAGE,733,EYENW,94,94,0,94,0,40,0,54,0,4,0.574468085106383,4,"2,4"
9,873,OTHER OPEN WOUND OF HEAD,873,EYENW,94,94,0,94,0,48,0,46,0,2,0.5106382978723404,4,"2,4"
9,634,SPONTANEOUS ABORTION,634,EYENW,82,82,0,82,0,46,0,36,0,2,0.5609756097560976,4,"2,4"
9,724,OTHER AND UNSPECIFIED DISORDERS OF BACK,724,EYENW,38,38,0,38,0,16,0,22,0,4,0.5789473684210527,4,"2,4"
9,456,VARICOSE VEINS OF OTHER SITES,456,EYENW,22,22,0,22,0,12,0,10,0,2,0.5454545454545454,4,"2,4"
9,948,BURNS CLASSIFIED ACCORDING TO EXTENT OF BODY SURFACE INVOLVED,948,IPADM,132,132,0,132,0,54,78,0,0,3,0.5909090909090909,3,"2,3"
9,209,NEUROENDOCRINE TUMORS,209,IPADM,130,130,0,130,0,62,68,0,0,3,0.5230769230769231,3,"2,3"
9,361,RETINAL DETACHMENTS AND DEFECTS,361,IPADM,54,54,0,54,0,26,28,0,0,3,0.5185185185185185,3,"2,3"
9,V43,ORGAN OR TISSUE REPLACED BY OTHER MEANS,V43,IPADM,48,48,0,48,0,26,22,0,0,2,0.5416666666666666,3,"2,3"
9,331,OTHER CEREBRAL DEGENERATIONS,331,IPADM,34,34,0,34,0,18,16,0,0,2,0.5294117647058824,3,"2,3"
9,989,TOXIC EFFECT OF OTHER SUBSTANCES CHIEFLY NONMEDICINAL AS TO SOURCE,989,IPADM,32,32,0,32,0,14,18,0,0,3,0.5625,3,"2,3"
9,348,OTHER CONDITIONS OF BRAIN,348,IPADM,30,30,0,30,0,14,16,0,0,3,0.5333333333333333,3,"2,3"
9,777,MECONIUM OBSTRUCTION IN FETUS OR NEWBORN,777.1,IPADM,24,24,0,24,0,12,12,0,0,2,0.5,3,"2,3"
9,456,VARICOSE VEINS OF OTHER SITES,456,IPADM,22,22,0,22,0,12,10,0,0,2,0.5454545454545454,3,"2,3"
9,716,OTHER AND UNSPECIFIED ARTHROPATHIES,716,IPCON,198,198,0,198,0,0,112,86,0,3,0.5656565656565656,4,"3,4"
9,851,CEREBRAL LACERATION AND CONTUSION,851,IPCON,182,182,0,182,0,0,0,106,76,4,0.5824175824175825,5,"4,5"
9,209,NEUROENDOCRINE TUMORS,209,IPCON,130,130,0,130,0,0,0,62,68,5,0.5230769230769231,5,"4,5"
9,733,OTHER DISORDERS OF BONE AND CARTILAGE,733,IPCON,94,94,0,94,0,0,40,54,0,4,0.574468085106383,4,"3,4"
9,873,OTHER OPEN WOUND OF HEAD,873,IPCON,94,94,0,94,0,0,48,46,0,3,0.5106382978723404,4,"3,4"
9,376,DISORDERS OF THE ORBIT,376,IPCON,84,84,0,84,0,0,48,36,0,3,0.5714285714285714,4,"3,4"
9,634,SPONTANEOUS ABORTION,634,IPCON,82,82,0,82,0,0,46,36,0,3,0.5609756097560976,4,"3,4"
9,727,OTHER DISORDERS OF SYNOVIUM TENDON AND BURSA,727,IPCON,80,80,0,80,0,0,40,40,0,3,0.5,4,"3,4"
9,788,SYMPTOMS INVOLVING URINARY SYSTEM,788,IPCON,70,70,0,70,0,0,34,36,0,4,0.5142857142857142,4,"3,4"
9,361,RETINAL DETACHMENTS AND DEFECTS,361,IPCON,54,54,0,54,0,0,0,26,28,5,0.5185185185185185,5,"4,5"
9,V43,ORGAN OR TISSUE REPLACED BY OTHER MEANS,V43,IPCON,48,48,0,48,0,0,2,24,22,4,0.5,5,"3,4,5"
9,331,OTHER CEREBRAL DEGENERATIONS,331,IPCON,34,34,0,34,0,0,0,18,16,4,0.5294117647058824,5,"4,5"
9,989,TOXIC EFFECT OF OTHER SUBSTANCES CHIEFLY NONMEDICINAL AS TO SOURCE,989,IPCON,32,32,0,32,0,0,0,14,18,5,0.5625,5,"4,5"
9,348,OTHER CONDITIONS OF BRAIN,348,IPCON,30,30,0,30,0,0,0,14,16,5,0.5333333333333333,5,"4,5"
9,777,MECONIUM OBSTRUCTION IN FETUS OR NEWBORN,777.1,IPCON,24,24,0,24,0,0,0,12,12,4,0.5,5,"4,5"
9,456,VARICOSE VEINS OF OTHER SITES,456,IPCON,22,22,0,22,0,0,12,10,0,3,0.5454545454545454,4,"3,4"
9,716,OTHER AND UNSPECIFIED ARTHROPATHIES,716,IPERV,198,198,0,198,0,0,112,86,0,3,0.5656565656565656,4,"3,4"
9,209,NEUROENDOCRINE TUMORS,209,IPERV,130,130,0,130,0,0,0,62,68,5,0.5230769230769231,5,"4,5"
9,873,OTHER OPEN WOUND OF HEAD,873,IPERV,94,94,0,94,0,0,48,46,0,3,0.5106382978723404,4,"3,4"
9,376,DISORDERS OF THE ORBIT,376,IPERV,84,84,0,84,0,0,48,36,0,3,0.5714285714285714,4,"3,4"
9,634,SPONTANEOUS ABORTION,634,IPERV,82,82,0,82,0,0,46,36,0,3,0.5609756097560976,4,"3,4"
9,361,RETINAL DETACHMENTS AND DEFECTS,361,IPERV,54,54,0,54,0,0,0,26,28,5,0.5185185185185185,5,"4,5"
9,V43,ORGAN OR TISSUE REPLACED BY OTHER MEANS,V43,IPERV,48,48,0,48,0,0,2,24,22,4,0.5,5,"3,4,5"
9,599,OTHER DISORDERS OF URETHRA AND URINARY TRACT,599,IPERV,42,42,0,42,0,0,16,25,1,4,0.5952380952380952,4,"3,4,5"
9,331,OTHER CEREBRAL DEGENERATIONS,331,IPERV,34,34,0,34,0,0,0,18,16,4,0.5294117647058824,5,"4,5"
9,989,TOXIC EFFECT OF OTHER SUBSTANCES CHIEFLY NONMEDICINAL AS TO SOURCE,989,IPERV,32,32,0,32,0,0,0,14,18,5,0.5625,5,"4,5"
9,348,OTHER CONDITIONS OF BRAIN,348,IPERV,30,30,0,30,0,0,0,14,16,5,0.5333333333333333,5,"4,5"
9,785,SYMPTOMS INVOLVING CARDIOVASCULAR SYSTEM,785,IPERV,26,26,0,26,0,0,2,15,9,4,0.5769230769230769,5,"3,4,5"
9,777,MECONIUM OBSTRUCTION IN FETUS OR NEWBORN,777.1,IPERV,24,24,0,24,0,0,0,12,12,4,0.5,5,"4,5"
9,456,VARICOSE VEINS OF OTHER SITES,456,IPERV,22,22,0,22,0,0,12,10,0,3,0.5454545454545454,4,"3,4"
9,209,NEUROENDOCRINE TUMORS,209,IPFUV,130,130,0,130,0,62,68,0,0,3,0.5230769230769231,3,"2,3"
9,66,OTHER ARTHROPOD-BORNE VIRAL DISEASES,66,IPFUV,24,24,0,24,0,14,10,0,0,2,0.5833333333333334,3,"2,3"
9,777,MECONIUM OBSTRUCTION IN FETUS OR NEWBORN,777.1,IPFUV,24,24,0,24,0,12,12,0,0,2,0.5,3,"2,3"
9,716,OTHER AND UNSPECIFIED ARTHROPATHIES,716,NEWDC,99,99,99,198,0,0,56,43,0,3,0.5656565656565656,4,"3,4"
9,209,NEUROENDOCRINE TUMORS,209,NEWDC,65,65,65,130,0,0,0,31,34,5,0.5230769230769231,5,"4,5"
9,873,OTHER OPEN WOUND OF HEAD,873,NEWDC,47,47,47,94,0,0,24,23,0,3,0.5106382978723404,4,"3,4"
9,376,DISORDERS OF THE ORBIT,376,NEWDC,42,42,42,84,0,0,24,18,0,3,0.5714285714285714,4,"3,4"
9,634,SPONTANEOUS ABORTION,634,NEWDC,41,41,41,82,0,0,23,18,0,3,0.5609756097560976,4,"3,4"
9,361,RETINAL DETACHMENTS AND DEFECTS,361,NEWDC,27,27,27,54,0,0,0,13,14,5,0.5185185185185185,5,"4,5"
9,V43,ORGAN OR TISSUE REPLACED BY OTHER MEANS,V43,NEWDC,24,24,24,48,0,0,1,12,11,4,0.5,5,"3,4,5"
9,716,OTHER AND UNSPECIFIED ARTHROPATHIES,716,NEWHH,99,99,99,198,0,0,56,43,0,3,0.5656565656565656,4,"3,4"
9,209,NEUROENDOCRINE TUMORS,209,NEWHH,65,65,65,130,0,0,0,31,34,5,0.5230769230769231,5,"4,5"
9,873,OTHER OPEN WOUND OF HEAD,873,NEWHH,47,47,47,94,0,0,24,23,0,3,0.5106382978723404,4,"3,4"
9,376,DISORDERS OF THE ORBIT,376,NEWHH,42,42,42,84,0,0,24,18,0,3,0.5714285714285714,4,"3,4"
9,634,SPONTANEOUS ABORTION,634,NEWHH,41,41,41,82,0,0,23,18,0,3,0.5609756097560976,4,"3,4"
9,361,RETINAL DETACHMENTS AND DEFECTS,361,NEWHH,27,27,27,54,0,0,0,13,14,5,0.5185185185185185,5,"4,5"
9,V43,ORGAN OR TISSUE REPLACED BY OTHER MEANS,V43,NEWHH,24,24,24,48,0,0,1,12,11,4,0.5,5,"3,4,5"
9,948,BURNS CLASSIFIED ACCORDING TO EXTENT OF BODY SURFACE INVOLVED,948,NEWNR,66,66,66,132,0,27,39,0,0,3,0.5909090909090909,3,"2,3"
9,209,NEUROENDOCRINE TUMORS,209,NEWNR,65,65,65,130,0,31,34,0,0,3,0.5230769230769231,3,"2,3"
9,361,RETINAL DETACHMENTS AND DEFECTS,361,NEWNR,27,27,27,54,0,13,14,0,0,3,0.5185185185185185,3,"2,3"
9,V43,ORGAN OR TISSUE REPLACED BY OTHER MEANS,V43,NEWNR,24,24,24,48,0,13,11,0,0,2,0.5416666666666666,3,"2,3"
9,716,OTHER AND UNSPECIFIED ARTHROPATHIES,716,NEWOV,198,198,0,198,0,0,112,86,0,3,0.5656565656565656,4,"3,4"
9,209,NEUROENDOCRINE TUMORS,209,NEWOV,130,130,0,130,0,0,0,62,68,5,0.5230769230769231,5,"4,5"
9,873,OTHER OPEN WOUND OF HEAD,873,NEWOV,94,94,0,94,0,0,48,46,0,3,0.5106382978723404,4,"3,4"
9,376,DISORDERS OF THE ORBIT,376,NEWOV,84,84,0,84,0,0,48,36,0,3,0.5714285714285714,4,"3,4"
9,634,SPONTANEOUS ABORTION,634,NEWOV,82,82,0,82,0,0,46,36,0,3,0.5609756097560976,4,"3,4"
9,361,RETINAL DETACHMENTS AND DEFECTS,361,NEWOV,54,54,0,54,0,0,0,26,28,5,0.5185185185185185,5,"4,5"
9,V43,ORGAN OR TISSUE REPLACED BY OTHER MEANS,V43,NEWOV,48,48,0,48,0,0,2,24,22,4,0.5,5,"3,4,5"
9,331,OTHER CEREBRAL DEGENERATIONS,331,NEWOV,34,34,0,34,0,0,0,18,16,4,0.5294117647058824,5,"4,5"
9,989,TOXIC EFFECT OF OTHER SUBSTANCES CHIEFLY NONMEDICINAL AS TO SOURCE,989,NEWOV,32,32,0,32,0,0,0,14,18,5,0.5625,5,"4,5"
9,348,OTHER CONDITIONS OF BRAIN,348,NEWOV,30,30,0,30,0,0,0,14,16,5,0.5333333333333333,5,"4,5"
9,66,OTHER ARTHROPOD-BORNE VIRAL DISEASES,66,NEWOV,24,24,0,24,0,0,0,14,10,4,0.5833333333333334,5,"4,5"
9,456,VARICOSE VEINS OF OTHER SITES,456,NEWOV,22,22,0,22,0,0,12,10,0,3,0.5454545454545454,4,"3,4"
9,209,NEUROENDOCRINE TUMORS,209,OBSFU,65,65,65,130,0,31,34,0,0,3,0.5230769230769231,3,"2,3"
9,948,BURNS CLASSIFIED ACCORDING TO EXTENT OF BODY SURFACE INVOLVED,948,OBSNW,66,66,66,132,0,27,39,0,0,3,0.5909090909090909,3,"2,3"
9,209,NEUROENDOCRINE TUMORS,209,OBSNW,65,65,65,130,0,31,34,0,0,3,0.5230769230769231,3,"2,3"
9,361,RETINAL DETACHMENTS AND DEFECTS,361,OBSNW,27,27,27,54,0,13,14,0,0,3,0.5185185185185185,3,"2,3"
9,V43,ORGAN OR TISSUE REPLACED BY OTHER MEANS,V43,OBSNW,24,24,24,48,0,13,11,0,0,2,0.5416666666666666,3,"2,3"
9,716,OTHER AND UNSPECIFIED ARTHROPATHIES,716,OVCON,198,198,0,198,0,0,112,86,0,3,0.5656565656565656,4,"3,4"
9,851,CEREBRAL LACERATION AND CONTUSION,851,OVCON,182,182,0,182,0,0,0,106,76,4,0.5824175824175825,5,"4,5"
9,209,NEUROENDOCRINE TUMORS,209,OVCON,130,130,0,130,0,0,0,62,68,5,0.5230769230769231,5,"4,5"
9,873,OTHER OPEN WOUND OF HEAD,873,OVCON,94,94,0,94,0,0,48,46,0,3,0.5106382978723404,4,"3,4"
9,376,DISORDERS OF THE ORBIT,376,OVCON,84,84,0,84,0,0,48,36,0,3,0.5714285714285714,4,"3,4"
9,634,SPONTANEOUS ABORTION,634,OVCON,82,82,0,82,0,0,46,36,0,3,0.5609756097560976,4,"3,4"
9,727,OTHER DISORDERS OF SYNOVIUM TENDON AND BURSA,727,OVCON,80,80,0,80,0,0,40,40,0,3,0.5,4,"3,4"
9,788,SYMPTOMS INVOLVING URINARY SYSTEM,788,OVCON,70,70,0,70,0,0,34,36,0,4,0.5142857142857142,4,"3,4"
9,361,RETINAL DETACHMENTS AND DEFECTS,361,OVCON,54,54,0,54,0,0,0,26,28,5,0.5185185185185185,5,"4,5"
9,V43,ORGAN OR TISSUE REPLACED BY OTHER MEANS,V43,OVCON,48,48,0,48,0,0,2,24,22,4,0.5,5,"3,4,5"
9,331,OTHER CEREBRAL DEGENERATIONS,331,OVCON,34,34,0,34,0,0,0,18,16,4,0.5294117647058824,5,"4,5"
9,989,TOXIC EFFECT OF OTHER SUBSTANCES CHIEFLY NONMEDICINAL AS TO SOURCE,989,OVCON,32,32,0,32,0,0,0,14,18,5,0.5625,5,"4,5"
9,348,OTHER CONDITIONS OF BRAIN,348,OVCON,30,30,0,30,0,0,0,14,16,5,0.5333333333333333,5,"4,5"
9,66,OTHER ARTHROPOD-BORNE VIRAL DISEASES,66,OVCON,24,24,0,24,0,0,0,14,10,4,0.5833333333333334,5,"4,5"
9,456,VARICOSE VEINS OF OTHER SITES,456,OVCON,22,22,0,22,0,0,12,10,0,3,0.5454545454545454,4,"3,4"
9,948,BURNS CLASSIFIED ACCORDING TO EXTENT OF BODY SURFACE INVOLVED,948,TRNCM,66,66,66,132,0,27,39,0,0,3,0.5909090909090909,3,"2,3"
9,209,NEUROENDOCRINE TUMORS,209,TRNCM,65,65,65,130,0,31,34,0,0,3,0.5230769230769231,3,"2,3"
9,361,RETINAL DETACHMENTS AND DEFECTS,361,TRNCM,27,27,27,54,0,13,14,0,0,3,0.5185185185185185,3,"2,3"
9,V43,ORGAN OR TISSUE REPLACED BY OTHER MEANS,V43,TRNCM,24,24,24,48,0,13,11,0,0,2,0.5416666666666666,3,"2,3"
