ICD_ROOT,ICD_DESCRIPTION,REPRESENTATIVE_ICD,n,mode_los,mode_conf,HAL_0.90,feasible_levels,stoplight
1,CHOLERA,1,0,,,,,RED
10,PRIMARY TUBERCULOUS INFECTION,10,0,,,,,RED
100,LEPTOSPIROSIS,100,0,,,,,RED
101,VINCENT'S ANGINA,101,0,,,,,RED
102,YAWS,102,0,,,,,RED
103,PRIMARY LESIONS OF PINTA,103,0,,,,,RED
104,OTHER SPIROCHETAL INFECTION,104,0,,,,,RED
11,PULMONARY TUBERCULOSIS,11,0,,,,,RED
110,DERMATOPHYTOSIS,110,0,,,,,RED
111,DERMATOMYCOSIS OTHER AND UNSPECIFIED,111,0,,,,,RED
112,CANDIDIASIS,112,0,,,,,RED
114,COCCIDIOIDOMYCOSIS,114,0,,,,,RED
115,INFECTION BY HISTOPLASMA CAPSULATUM WITHOUT MANIFESTATION,115,0,,,,,RED
116,BLASTOMYCOSIS,116,0,,,,,RED
117,OTHER MYCOSES,117,0,,,,,RED
118,OPPORTUNISTIC MYCOSES,118,0,,,,,RED
12,OTHER RESPIRATORY TUBERCULOSIS,12,0,,,,,RED
120,SCHISTOSOMIASIS DUE TO SCHISTOSOMA HAEMATOBIUM,120,0,,,,,RED
121,OTHER TREMATODE INFECTIONS,121,0,,,,,RED
122,ECHINOCOCCOSIS,122,0,,,,,RED
123,OTHER CESTODE INFECTION,123,0,,,,,RED
124,TRICHINOSIS,124,0,,,,,RED
125,BANCROFTIAN FILARIASIS,125,0,,,,,RED
126,ANCYLOSTOMIASIS DUE TO ANCYLOSTOMA DUODENALE,126,0,,,,,RED
127,ASCARIASIS,127,0,,,,,RED
128,TOXOCARIASIS,128,0,,,,,RED
129,INTESTINAL PARASITISM UNSPECIFIED,129,0,,,,,RED
13,TUBERCULOUS MENINGITIS,13,0,,,,,RED
130,TOXOPLASMOSIS,130,0,,,,,RED
131,TRICHOMONIASIS,131,0,,,,,RED
132,PEDICULOSIS AND PHTHIRUS INFESTATION,132,0,,,,,RED
133,ACARIASIS,133,0,,,,,RED
134,OTHER INFESTATION,134,0,,,,,RED
135,SARCOIDOSIS,135,0,,,,,RED
136,OTHER AND UNSPECIFIED INFECTIOUS AND PARASITIC DISEASES,136,0,,,,,RED
137,LATE EFFECTS OF RESPIRATORY OR UNSPECIFIED TUBERCULOSIS,137,0,,,,,RED
138,LATE EFFECTS OF ACUTE POLIOMYELITIS,138,0,,,,,RED
139,LATE EFFECTS OF OTHER INFECTIOUS AND PARASITIC DISEASES,139,0,,,,,RED
14,TUBERCULOSIS OF INTESTINES PERITONEUM AND MESENTERIC GLANDS,14,0,,,,,RED
140,MALIGNANT NEOPLASM OF LIP,140,0,,,,,RED
141,MALIGNANT NEOPLASM OF TONGUE,141,0,,,,,RED
142,MALIGNANT NEOPLASM OF MAJOR SALIVARY GLANDS,142,0,,,,,RED
143,MALIGNANT NEOPLASM OF GUM,143,0,,,,,RED
144,MALIGNANT NEOPLASM OF ANTERIOR PORTION OF FLOOR OF MOUTH,144,0,,,,,RED
145,MALIGNANT NEOPLASM OF OTHER AND UNSPECIFIED PARTS OF MOUTH,145,0,,,,,RED
146,MALIGNANT NEOPLASM OF OROPHARYNX,146,0,,,,,RED
147,MALIGNANT NEOPLASM OF NASOPHARYNX,147,0,,,,,RED
148,MALIGNANT NEOPLASM OF POSTCRICOID REGION OF HYPOPHARYNX,148,0,,,,,RED
149,MALIGNANT NEOPLASM OF PHARYNX UNSPECIFIED,149,0,,,,,RED
15,TUBERCULOSIS OF BONES AND JOINTS,15,0,,,,,RED
150,MALIGNANT NEOPLASM OF CERVICAL ESOPHAGUS,150,0,,,,,RED
151,MALIGNANT NEOPLASM OF STOMACH,151,0,,,,,RED
152,MALIGNANT NEOPLASM OF DUODENUM,152,0,,,,,RED
153,MALIGNANT NEOPLASM OF COLON,153,0,,,,,RED
154,MALIGNANT NEOPLASM OF RECTUM RECTOSIGMOID JUNCTION AND ANUS,154,0,,,,,RED
155,MALIGNANT NEOPLASM OF LIVER AND INTRAHEPATIC BILE DUCTS,155,0,,,,,RED
156,MALIGNANT NEOPLASM OF GALLBLADDER AND EXTRAHEPATIC BILE DUCTS,156,0,,,,,RED
157,MALIGNANT NEOPLASM OF PANCREAS,157,0,,,,,RED
158,MALIGNANT NEOPLASM OF RETROPERITONEUM AND PERITONEUM,158,0,,,,,RED
159,MALIGNANT NEOPLASM OF OTHER AND ILL-DEFINED SITES WITHIN THE DIGESTIVE ORGANS AND PERITONEUM,159,0,,,,,RED
16,TUBERCULOSIS OF KIDNEY,16,0,,,,,RED
160,MALIGNANT NEOPLASM OF NASAL CAVITIES MIDDLE EAR AND ACCESSORY SINUSES,160,0,,,,,RED
161,MALIGNANT NEOPLASM OF LARYNX,161,0,,,,,RED
162,MALIGNANT NEOPLASM OF TRACHEA BRONCHUS AND LUNG,162,0,,,,,RED
163,MALIGNANT NEOPLASM OF PLEURA,163,0,,,,,RED
164,MALIGNANT NEOPLASM OF THYMUS HEART AND MEDIASTINUM,164,0,,,,,RED
165,MALIGNANT NEOPLASM OF OTHER AND ILL-DEFINED SITES WITHIN THE RESPIRATORY SYSTEM AND INTRATHORACIC ORGANS,165,0,,,,,RED
17,TUBERCULOSIS OF OTHER ORGANS,17,0,,,,,RED
170,MALIGNANT NEOPLASM OF BONE AND ARTICULAR CARTILAGE,170,0,,,,,RED
171,MALIGNANT NEOPLASM OF CONNECTIVE AND OTHER SOFT TISSUE,171,0,,,,,RED
172,MALIGNANT MELANOMA OF SKIN,172,0,,,,,RED
173,OTHER AND UNSPECIFIED MALIGNANT NEOPLASM OF SKIN,173,0,,,,,RED
174,MALIGNANT NEOPLASM OF FEMALE BREAST,174,0,,,,,RED
175,MALIGNANT NEOPLASM OF MALE BREAST,175,0,,,,,RED
176,KAPOSI'S SARCOMA,176,0,,,,,RED
179,MALIGNANT NEOPLASM OF UTERUS-PART UNS,179,0,,,,,RED
18,ACUTE MILIARY TUBERCULOSIS,18,0,,,,,RED
180,MALIGNANT NEOPLASM OF CERVIX UTERI,180,0,,,,,RED
181,MALIGNANT NEOPLASM OF PLACENTA,181,0,,,,,RED
182,MALIGNANT NEOPLASM OF BODY OF UTERUS,182,0,,,,,RED
183,MALIGNANT NEOPLASM OF OVARY AND OTHER UTERINE ADNEXA,183,0,,,,,RED
184,MALIGNANT NEOPLASM OF OTHER AND UNSPECIFIED FEMALE GENITAL ORGANS,184,0,,,,,RED
185,MALIGNANT NEOPLASM OF PROSTATE,185,0,,,,,RED
186,MALIGNANT NEOPLASM OF TESTIS,186,0,,,,,RED
187,MALIGNANT NEOPLASM OF PENIS AND OTHER MALE GENITAL ORGANS,187,0,,,,,RED
188,MALIGNANT NEOPLASM OF BLADDER,188,0,,,,,RED
189,MALIGNANT NEOPLASM OF KIDNEY AND OTHER AND UNSPECIFIED URINARY ORGANS,189,0,,,,,RED
190,MALIGNANT NEOPLASM OF EYE,190,0,,,,,RED
191,MALIGNANT NEOPLASM OF BRAIN,191,0,,,,,RED
192,MALIGNANT NEOPLASM OF CRANIAL NERVES,192,0,,,,,RED
193,MALIGNANT NEOPLASM OF THYROID GLAND,193,0,,,,,RED
194,MALIGNANT NEOPLASM OF OTHER ENDOCRINE GLANDS AND RELATED STRUCTURES,194,0,,,,,RED
195,MALIGNANT NEOPLASM OF OTHER AND ILL-DEFINED SITES,195,0,,,,,RED
196,SECONDARY AND UNSPECIFIED MALIGNANT NEOPLASM OF LYMPH NODES,196,0,,,,,RED
197,SECONDARY MALIGNANT NEOPLASM OF RESPIRATORY AND DIGESTIVE SYSTEMS,197,0,,,,,RED
198,SECONDARY MALIGNANT NEOPLASM OF KIDNEY,198,0,,,,,RED
199,MALIGNANT NEOPLASM WITHOUT SPECIFICATION OF SITE,199,0,,,,,RED
2,TYPHOID AND PARATYPHOID FEVERS,2,0,,,,,RED
20,PLAGUE,20,0,,,,,RED
200,LYMPHOSARCOMA AND RETICULOSARCOMA AND OTHER SPECIFIED MALIGNANT TUMORS OF LYMPHATIC TISSUE,200,0,,,,,RED
201,HODGKIN'S DISEASE,201,0,,,,,RED
202,OTHER MALIGNANT NEOPLASMS OF LYMPHOID AND HISTIOCYTIC TISSUE,202,0,,,,,RED
203,MULTIPLE MYELOMA AND IMMUNOPROLIFERATIVE NEOPLASMS,203,0,,,,,RED
204,LYMPHOID LEUKEMIA,204,0,,,,,RED
205,MYELOID LEUKEMIA,205,0,,,,,RED
206,MONOCYTIC LEUKEMIA,206,0,,,,,RED
207,ACUTE ERYTHREMIA AND ERYTHROLEUKEMIA,207,0,,,,,RED
208,LEUKEMIA OF UNSPECIFIED CELL TYPE,208,0,,,,,RED
209,NEUROENDOCRINE TUMORS,209,0,,,,,RED
21,ULCEROGLANDULAR TULAREMIA,21,0,,,,,RED
210,BENIGN NEOPLASM OF LIP ORAL CAVITY AND PHARYNX,210,0,,,,,RED
211,BENIGN NEOPLASM OF OTHER PARTS OF DIGESTIVE SYSTEM,211,0,,,,,RED
212,BENIGN NEOPLASM OF RESPIRATORY AND INTRATHORACIC ORGANS,212,0,,,,,RED
213,BENIGN NEOPLASM OF BONE AND ARTICULAR CARTILAGE,213,0,,,,,RED
214,LIPOMA,214,0,,,,,RED
215,OTHER BENIGN NEOPLASM OF CONNECTIVE AND OTHER SOFT TISSUE,215,0,,,,,RED
216,BENIGN NEOPLASM OF SKIN,216,0,,,,,RED
217,BENIGN NEOPLASM OF BREAST,217,0,,,,,RED
218,UTERINE LEIOMYOMA,218,0,,,,,RED
219,OTHER BENIGN NEOPLASM OF UTERUS,219,0,,,,,RED
22,ANTHRAX,22,0,,,,,RED
220,BENIGN NEOPLASM OF OVARY,220,0,,,,,RED
221,BENIGN NEOPLASM OF OTHER FEMALE GENITAL ORGANS,221,0,,,,,RED
222,BENIGN NEOPLASM OF MALE GENITAL ORGANS,222,0,,,,,RED
223,BENIGN NEOPLASM OF KIDNEY AND OTHER URINARY ORGANS,223,0,,,,,RED
224,BENIGN NEOPLASM OF EYEBALL EXCEPT CONJUNCTIVA CORNEA RETINA AND CHOROID,224,0,,,,,RED
225,BENIGN NEOPLASM OF BRAIN AND OTHER PARTS OF NERVOUS SYSTEM,225,0,,,,,RED
226,BENIGN NEOPLASM OF THYROID GLANDS,226,0,,,,,RED
227,BENIGN NEOPLASM OF OTHER ENDOCRINE GLANDS AND RELATED STRUCTURES,227,0,,,,,RED
228,HEMANGIOMA AND LYMPHANGIOMA ANY SITE,228,0,,,,,RED
229,BENIGN NEOPLASM OF OTHER AND UNSPECIFIED SITES,229,0,,,,,RED
23,BRUCELLOSIS,23,0,,,,,RED
230,CARCINOMA IN SITU OF LIP ORAL CAVITY AND PHARYNX,230,0,,,,,RED
231,CARCINOMA IN SITU OF LARYNX,231,0,,,,,RED
232,CARCINOMA IN SITU OF SKIN,232,0,,,,,RED
233,CARCINOMA IN SITU OF BREAST AND GENITOURINARY SYSTEM,233,0,,,,,RED
234,CARCINOMA IN SITU OF OTHER AND UNSPECIFIED SITES,234,0,,,,,RED
235,NEOPLASM OF UNCERTAIN BEHAVIOR OF DIGESTIVE AND RESPIRATORY SYSTEMS,235,0,,,,,RED
236,NEOPLASM OF UNCERTAIN BEHAVIOR OF GENITOURINARY ORGANS,236,0,,,,,RED
237,NEOPLASM OF UNCERTAIN BEHAVIOR OF ENDOCRINE GLANDS AND NERVOUS SYSTEM,237,0,,,,,RED
238,NEOPLASM OF UNCERTAIN BEHAVIOR OF OTHER AND UNSPECIFIED SITES AND TISSUES,238,0,,,,,RED
239,NEOPLASMS OF UNSPECIFIED NATURE,239,0,,,,,RED
24,GLANDERS,24,0,,,,,RED
240,SIMPLE AND UNSPECIFIED GOITER,240,0,,,,,RED
241,NONTOXIC NODULAR GOITER,241,0,,,,,RED
242,THYROTOXICOSIS WITH OR WITHOUT GOITER,242,0,,,,,RED
243,CONGENITAL HYPOTHYROIDISM,243,0,,,,,RED
244,ACQUIRED HYPOTHYROIDISM,244,0,,,,,RED
245,THYROIDITIS,245,0,,,,,RED
246,OTHER DISORDERS OF THYROID,246,0,,,,,RED
249,SECONDARY DIABETES MELLITUS,249,0,,,,,RED
25,MELIOIDOSIS,25,0,,,,,RED
250,DIABETES MELLITUS,250,0,,,,,RED
251,OTHER DISORDERS OF PANCREATIC INTERNAL SECRETION,251,0,,,,,RED
252,DISORDERS OF PARATHYROID GLAND,252,0,,,,,RED
253,DISORDERS OF THE PITUITARY GLAND AND ITS HYPOTHALAMIC CONTROL,253,0,,,,,RED
254,PERSISTENT HYPERPLASIA OF THYMUS,254,0,,,,,RED
255,DISORDERS OF ADRENAL GLANDS,255,0,,,,,RED
256,OVARIAN DYSFUNCTION,256,0,,,,,RED
257,TESTICULAR DYSFUNCTION,257,0,,,,,RED
258,POLYGLANDULAR ACTIVITY IN MULTIPLE ENDOCRINE ADENOMATOSIS,258,0,,,,,RED
259,OTHER ENDOCRINE DISORDERS,259,0,,,,,RED
26,STREPTOBACILLARY FEVER,26.1,0,,,,,RED
260,KWASHIORKOR,260,0,,,,,RED
261,NUTRITIONAL MARASMUS,261,0,,,,,RED
262,OTHER SEVERE PROTEIN-CALORIE MALNUTRITION,262,0,,,,,RED
263,OTHER AND UNSPECIFIED PROTEIN-CALORIE MALNUTRITION,263,0,,,,,RED
264,VITAMIN A DEFICIENCY,264,0,,,,,RED
265,THIAMINE AND NIACIN DEFICIENCY STATES,265,0,,,,,RED
266,DEFICIENCY OF B-COMPLEX COMPONENTS,266,0,,,,,RED
267,ASCORBIC ACID DEFICIENCY,267,0,,,,,RED
268,VITAMIN D DEFICIENCY,268,0,,,,,RED
269,DEFICIENCY OF VITAMIN K,269,0,,,,,RED
27,LISTERIOSIS,27,0,,,,,RED
270,DISORDERS OF AMINO-ACID TRANSPORT AND METABOLISM,270,0,,,,,RED
271,DISORDERS OF CARBOHYDRATE TRANSPORT AND METABOLISM,271,0,,,,,RED
272,DISORDERS OF LIPOID METABOLISM,272,0,,,,,RED
273,DISORDERS OF PLASMA PROTEIN METABOLISM,273,0,,,,,RED
274,GOUT,274,0,,,,,RED
275,DISORDERS OF MINERAL METABOLISM,275,0,,,,,RED
276,DISORDERS OF FLUID ELECTROLYTE AND ACID-BASE BALANCE,276,0,,,,,RED
277,OTHER AND UNSPECIFIED DISORDERS OF METABOLISM,277,0,,,,,RED
278,"OVERWEIGHT, OBESITY AND OTHER HYPERALIMENTATION",278,0,,,,,RED
279,DISORDERS INVOLVING THE IMMUNE MECHANISM,279,0,,,,,RED
280,IRON DEFICIENCY ANEMIAS,280,0,,,,,RED
281,OTHER DEFICIENCY ANEMIAS,281,0,,,,,RED
282,HEREDITARY HEMOLYTIC ANEMIAS,282,0,,,,,RED
283,ACQUIRED HEMOLYTIC ANEMIAS,283,0,,,,,RED
284,APLASTIC ANEMIA AND OTHER BONE MARROW FAILURE SYNDROMES,284,0,,,,,RED
285,OTHER AND UNSPECIFIED ANEMIAS,285,0,,,,,RED
286,COAGULATION DEFECTS,286,0,,,,,RED
287,PURPURA AND OTHER HEMORRHAGIC CONDITIONS,287,0,,,,,RED
288,DISEASES OF WHITE BLOOD CELLS,288,0,,,,,RED
289,OTHER DISEASES OF BLOOD AND BLOOD-FORMING ORGANS,289,0,,,,,RED
290,DEMENTIAS,290,0,,,,,RED
291,ALCOHOL-INDUCED MENTAL DISORDERS,291,0,,,,,RED
292,DRUG-INDUCED MENTAL DISORDERS,292,0,,,,,RED
293,TRANSIENT MENTAL DISORDERS DUE TO CONDITIONS CLASSIFIED ELSEWHERE,293,0,,,,,RED
294,PERSISTENT MENTAL DISORDERS DUE TO CONDITIONS CLASSIFIED ELSEWHERE,294,0,,,,,RED
295,SCHIZOPHRENIC DISORDERS,295,0,,,,,RED
296,EPISODIC MOOD DISORDERS,296,0,,,,,RED
297,PARANOID STATE SIMPLE,297,0,,,,,RED
298,OTHER NONORGANIC PSYCHOSES,298,0,,,,,RED
299,PERVASIVE DEVELOPMENTAL DISORDERS,299,0,,,,,RED
3,OTHER SALMONELLA INFECTIONS,3,0,,,,,RED
30,LEPROSY,30,0,,,,,RED
300,"ANXIETY, DISSOCIATIVE AND SOMATOFORM DISORDERS",300,0,,,,,RED
301,PERSONALITY DISORDERS,301,0,,,,,RED
302,SEXUAL AND GENDER IDENTITY DISORDERS,302,0,,,,,RED
303,ALCOHOL DEPENDENCE SYNDROME,303,0,,,,,RED
304,DRUG DEPENDENCE,304,0,,,,,RED
305,NONDEPENDENT ABUSE OF DRUGS,305,0,,,,,RED
306,PHYSIOLOGICAL MALFUNCTION ARISING FROM MENTAL FACTORS,306,0,,,,,RED
307,SPECIAL SYMPTOMS OR SYNDROMES NOT ELSEWHERE CLASSIFIED,307,0,,,,,RED
308,ACUTE REACTION TO STRESS,308,0,,,,,RED
309,ADJUSTMENT REACTION,309,0,,,,,RED
31,DISEASES DUE TO OTHER MYCOBACTERIA,31,0,,,,,RED
310,SPECIFIC NONPSYCHOTIC MENTAL DISORDERS DUE TO ORGANIC BRAIN DAMAGE,310,0,,,,,RED
311,DEPRESSIVE DISORDER NOT ELSEWHERE CLASSIFIED,311,0,,,,,RED
312,DISTURBANCE OF CONDUCT NOT ELSEWHERE CLASSIFIED,312,0,,,,,RED
313,OVERANXIOUS DISORDER SPECIFIC TO CHILDHOOD AND ADOLESCENCE,313,0,,,,,RED
314,HYPERKINETIC SYNDROME OF CHILDHOOD,314,0,,,,,RED
315,SPECIFIC DELAYS IN DEVELOPMENT,315,0,,,,,RED
316,PSYCHIC FACTORS ASSOCIATED WITH DISEASES CLASSIFIED ELSEWHERE,316,0,,,,,RED
317,MILD INTELLECTUAL DISABILITIES,317,0,,,,,RED
318,OTHER SPECIFIED INTELLECTUAL DISABILITIES,318,0,,,,,RED
319,UNSPECIFIED INTELLECTUAL DISABILITIES,319,0,,,,,RED
32,FAUCIAL DIPHTHERIA,32,0,,,,,RED
320,BACTERIAL MENINGITIS,320,0,,,,,RED
321,MENINGITIS DUE TO OTHER ORGANISMS,321,0,,,,,RED
322,MENINGITIS OF UNSPECIFIED CAUSE,322,0,,,,,RED
323,ENCEPHALITIS MYELITIS AND ENCEPHALOMYELITIS,323,0,,,,,RED
324,INTRACRANIAL AND INTRASPINAL ABSCESS,324,0,,,,,RED
325,PHLEBITIS AND THROMBOPHLEBITIS OF INTRACRANIAL VENOUS SINUSES,325,0,,,,,RED
326,LATE EFFECTS OF INTRACRANIAL ABSCESS OR PYOGENIC INFECTION,326,0,,,,,RED
327,ORGANIC INSOMNIA UNSPECIFIED,327,0,,,,,RED
33,WHOOPING COUGH,33,0,,,,,RED
330,CEREBRAL DEGENERATIONS USUALLY MANIFEST IN CHILDHOOD,330,0,,,,,RED
331,OTHER CEREBRAL DEGENERATIONS,331,0,,,,,RED
332,PARKINSON'S DISEASE,332,0,,,,,RED
333,OTHER EXTRAPYRAMIDAL DISEASE AND ABNORMAL MOVEMENT DISORDERS,333,0,,,,,RED
334,SPINOCEREBELLAR DISEASE,334,0,,,,,RED
335,WERDNIG-HOFFMANN DISEASE,335,0,,,,,RED
336,OTHER DISEASES OF SPINAL CORD,336,0,,,,,RED
337,IDIOPATHIC PERIPHERAL AUTONOMIC NEUROPATHY,337,0,,,,,RED
338,CENTRAL PAIN SYNDROME,338,0,,,,,RED
339,OTHER HEADACHE SYNDROMES,339,0,,,,,RED
34,STREPTOCOCCAL SORE THROAT AND SCARLET FEVER,34,0,,,,,RED
340,MULTIPLE SCLEROSIS,340,0,,,,,RED
341,OTHER DEMYELINATING DISEASES OF CENTRAL NERVOUS SYSTEM,341,0,,,,,RED
342,HEMIPLEGIA AND HEMIPARESIS,342,0,,,,,RED
343,INFANTILE CEREBRAL PALSY,343,0,,,,,RED
344,OTHER PARALYTIC SYNDROMES,344,0,,,,,RED
345,EPILEPSY AND RECURRENT SEIZURES,345,0,,,,,RED
346,MIGRAINE,346,0,,,,,RED
347,CATAPLEXY AND NARCOLEPSY,347,0,,,,,RED
348,OTHER CONDITIONS OF BRAIN,348,0,,,,,RED
349,OTHER AND UNSPECIFIED DISORDERS OF THE NERVOUS SYSTEM,349,0,,,,,RED
35,ERYSIPELAS,35,0,,,,,RED
350,TRIGEMINAL NERVE DISORDERS,350,0,,,,,RED
351,FACIAL NERVE DISORDERS,351,0,,,,,RED
352,DISORDERS OF OTHER CRANIAL NERVES,352,0,,,,,RED
353,NERVE ROOT AND PLEXUS DISORDERS,353,0,,,,,RED
354,MONONEURITIS OF UPPER LIMB AND MONONEURITIS MULTIPLEX,354,0,,,,,RED
355,MONONEURITIS OF LOWER LIMB AND UNSPECIFIED SITE,355,0,,,,,RED
356,HEREDITARY AND IDIOPATHIC PERIPHERAL NEUROPATHY,356,0,,,,,RED
357,INFLAMMATORY AND TOXIC NEUROPATHY,357,0,,,,,RED
358,MYONEURAL DISORDERS,358,0,,,,,RED
359,MUSCULAR DYSTROPHIES AND OTHER MYOPATHIES,359,0,,,,,RED
36,MENINGOCOCCAL MENINGITIS,36,0,,,,,RED
360,DISORDERS OF THE GLOBE,360,0,,,,,RED
361,RETINAL DETACHMENTS AND DEFECTS,361,0,,,,,RED
362,OTHER RETINAL DISORDERS,362,0,,,,,RED
363,CHORIORETINAL INFLAMMATIONS SCARS AND OTHER DISORDERS OF CHOROID,363,0,,,,,RED
364,DISORDERS OF IRIS AND CILIARY BODY,364,0,,,,,RED
365,GLAUCOMA,365,0,,,,,RED
366,CATARACT,366,0,,,,,RED
367,DISORDERS OF REFRACTION AND ACCOMMODATION,367,0,,,,,RED
368,VISUAL DISTURBANCES,368,0,,,,,RED
369,BLINDNESS AND LOW VISION,369,0,,,,,RED
37,TETANUS,37,0,,,,,RED
370,KERATITIS,370,0,,,,,RED
371,CORNEAL OPACITY AND OTHER DISORDERS OF CORNEA,371,0,,,,,RED
372,DISORDERS OF CONJUNCTIVA,372,0,,,,,RED
373,INFLAMMATION OF EYELIDS,373,0,,,,,RED
374,OTHER DISORDERS OF EYELIDS,374,0,,,,,RED
375,DISORDERS OF LACRIMAL SYSTEM,375,0,,,,,RED
376,DISORDERS OF THE ORBIT,376,0,,,,,RED
377,DISORDERS OF OPTIC NERVE AND VISUAL PATHWAYS,377,0,,,,,RED
378,STRABISMUS AND OTHER DISORDERS OF BINOCULAR EYE MOVEMENTS,378,0,,,,,RED
379,OTHER DISORDERS OF EYE,379,0,,,,,RED
38,SEPTICEMIA,38,0,,,,,RED
380,DISORDERS OF EXTERNAL EAR,380,0,,,,,RED
381,NONSUPPURATIVE OTITIS MEDIA AND EUSTACHIAN TUBE DISORDERS,381,0,,,,,RED
382,SUPPURATIVE AND UNSPECIFIED OTITIS MEDIA,382,0,,,,,RED
383,MASTOIDITIS AND RELATED CONDITIONS,383,0,,,,,RED
384,OTHER DISORDERS OF TYMPANIC MEMBRANE,384,0,,,,,RED
385,OTHER DISORDERS OF MIDDLE EAR AND MASTOID,385,0,,,,,RED
386,VERTIGINOUS SYNDROMES AND OTHER DISORDERS OF VESTIBULAR SYSTEM,386,0,,,,,RED
387,OTOSCLEROSIS,387,0,,,,,RED
388,OTHER DISORDERS OF EAR,388,0,,,,,RED
389,HEARING LOSS,389,0,,,,,RED
39,ACTINOMYCOTIC INFECTIONS,39,0,,,,,RED
390,RHEUMATIC FEVER WITHOUT HEART INVOLVEMENT,390,0,,,,,RED
391,RHEUMATIC FEVER WITH HEART INVOLVEMENT,391,0,,,,,RED
392,RHEUMATIC CHOREA WITH HEART INVOLVEMENT,392,0,,,,,RED
393,CHRONIC RHEUMATIC PERICARDITIS,393,0,,,,,RED
394,DISEASES OF MITRAL VALVE,394,0,,,,,RED
395,DISEASES OF AORTIC VALVE,395,0,,,,,RED
396,DISEASES OF MITRAL AND AORTIC VALVES,396,0,,,,,RED
397,DISEASES OF OTHER ENDOCARDIAL STRUCTURES,397,0,,,,,RED
398,RHEUMATIC MYOCARDITIS,398,0,,,,,RED
4,SHIGELLA DYSENTERIAE,4,0,,,,,RED
40,GAS GANGRENE,40,0,,,,,RED
401,ESSENTIAL HYPERTENSION,401,0,,,,,RED
402,HYPERTENSIVE HEART DISEASE,402,0,,,,,RED
403,HYPERTENSIVE CHRONIC KIDNEY DISEASE,403,0,,,,,RED
404,HYPERTENSIVE HEART AND CHRONIC KIDNEY DISEASE,404,0,,,,,RED
405,MALIGNANT RENOVASCULAR HYPERTENSION,405.01,0,,,,,RED
41,BACTERIAL INFECTION IN CONDITIONS CLASSIFIED ELSEWHERE AND OF UNSPECIFIED SITE,41,0,,,,,RED
410,ACUTE MYOCARDIAL INFARCTION,410,0,,,,,RED
411,OTHER ACUTE AND SUBACUTE FORMS OF ISCHEMIC HEART DISEASE,411,0,,,,,RED
412,OLD MYOCARDIAL INFARCTION,412,0,,,,,RED
413,ANGINA PECTORIS,413,0,,,,,RED
414,OTHER FORMS OF CHRONIC ISCHEMIC HEART DISEASE,414,0,,,,,RED
415,ACUTE PULMONARY HEART DISEASE,415,0,,,,,RED
416,CHRONIC PULMONARY HEART DISEASE,416,0,,,,,RED
417,ARTERIOVENOUS FISTULA OF PULMONARY VESSELS,417,0,,,,,RED
42,HUMAN IMMUNODEFICIENCY VIRUS (HIV) DISEASE,42,0,,,,,RED
420,ACUTE PERICARDITIS,420,0,,,,,RED
421,ACUTE AND SUBACUTE ENDOCARDITIS,421,0,,,,,RED
422,ACUTE MYOCARDITIS,422,0,,,,,RED
423,OTHER DISEASES OF PERICARDIUM,423,0,,,,,RED
424,OTHER DISEASES OF ENDOCARDIUM,424,0,,,,,RED
425,CARDIOMYOPATHY,425,0,,,,,RED
426,CONDUCTION DISORDERS,426,0,,,,,RED
427,CARDIAC DYSRHYTHMIAS,427,0,,,,,RED
428,HEART FAILURE,428,0,,,,,RED
429,ILL-DEFINED DESCRIPTIONS AND COMPLICATIONS OF HEART DISEASE,429,0,,,,,RED
430,SUBARACHNOID HEMORRHAGE,430,0,,,,,RED
431,INTRACEREBRAL HEMORRHAGE,431,0,,,,,RED
432,OTHER AND UNSPECIFIED INTRACRANIAL HEMORRHAGE,432,0,,,,,RED
433,OCCLUSION AND STENOSIS OF PRECEREBRAL ARTERIES,433,0,,,,,RED
434,OCCLUSION OF CEREBRAL ARTERIES,434,0,,,,,RED
435,TRANSIENT CEREBRAL ISCHEMIA,435,0,,,,,RED
436,ACUTE BUT ILL-DEFINED CEREBROVASCULAR DISEASE,436,0,,,,,RED
437,OTHER AND ILL-DEFINED CEREBROVASCULAR DISEASE,437,0,,,,,RED
438,LATE EFFECTS OF CEREBROVASCULAR DISEASE,438,0,,,,,RED
440,ATHEROSCLEROSIS,440,0,,,,,RED
441,AORTIC ANEURYSM AND DISSECTION,441,0,,,,,RED
442,OTHER ANEURYSM,442,0,,,,,RED
443,OTHER PERIPHERAL VASCULAR DISEASE,443,0,,,,,RED
444,ARTERIAL EMBOLISM AND THROMBOSIS,444,0,,,,,RED
445,ATHEROEMBOLISM OF UPPER EXTREMITY,445.01,0,,,,,RED
446,POLYARTERITIS NODOSA AND ALLIED CONDITIONS,446,0,,,,,RED
447,OTHER DISORDERS OF ARTERIES AND ARTERIOLES,447,0,,,,,RED
448,DISEASE OF CAPILLARIES,448,0,,,,,RED
449,SEPTIC ARTERIAL EMBOLISM,449,0,,,,,RED
45,ACUTE PARALYTIC POLIOMYELITIS SPECIFIED AS BULBAR,45,0,,,,,RED
451,PHLEBITIS AND THROMBOPHLEBITIS,451,0,,,,,RED
452,PORTAL VEIN THROMBOSIS,452,0,,,,,RED
453,OTHER VENOUS EMBOLISM AND THROMBOSIS,453,0,,,,,RED
454,VARICOSE VEINS OF LOWER EXTREMITIES,454,0,,,,,RED
455,HEMORRHOIDS,455,0,,,,,RED
456,VARICOSE VEINS OF OTHER SITES,456,0,,,,,RED
457,NONINFECTIOUS DISORDERS OF LYMPHATIC CHANNELS,457,0,,,,,RED
458,HYPOTENSION,458,0,,,,,RED
459,OTHER DISORDERS OF CIRCULATORY SYSTEM,459,0,,,,,RED
46,SLOW VIRUS INFECTIONS AND PRION DISEASES OF CENTRAL NERVOUS SYSTEM,46,0,,,,,RED
460,ACUTE NASOPHARYNGITIS (COMMON COLD),460,0,,,,,RED
461,ACUTE SINUSITIS,461,0,,,,,RED
462,ACUTE PHARYNGITIS,462,0,,,,,RED
463,ACUTE TONSILLITIS,463,0,,,,,RED
464,ACUTE LARYNGITIS AND TRACHEITIS,464,0,,,,,RED
465,ACUTE UPPER RESPIRATORY INFECTIONS OF MULTIPLE OR UNSPECIFIED SITES,465,0,,,,,RED
466,ACUTE BRONCHITIS AND BRONCHIOLITIS,466,0,,,,,RED
47,MENINGITIS DUE TO ENTEROVIRUS,47,0,,,,,RED
470,DEVIATED NASAL SEPTUM,470,0,,,,,RED
471,NASAL POLYPS,471,0,,,,,RED
472,CHRONIC PHARYNGITIS AND NASOPHARYNGITIS,472,0,,,,,RED
473,CHRONIC SINUSITIS,473,0,,,,,RED
474,CHRONIC DISEASE OF TONSILS AND ADENOIDS,474,0,,,,,RED
475,PERITONSILLAR ABSCESS,475,0,,,,,RED
476,CHRONIC LARYNGITIS AND LARYNGOTRACHEITIS,476,0,,,,,RED
477,ALLERGIC RHINITIS,477,0,,,,,RED
478,OTHER DISEASES OF UPPER RESPIRATORY TRACT,478,0,,,,,RED
48,OTHER ENTEROVIRUS DISEASES OF CENTRAL NERVOUS SYSTEM,48,0,,,,,RED
480,VIRAL PNEUMONIA,480,0,,,,,RED
481,PNEUMOCOCCAL PNEUMONIA [STREPTOCOCCUS PNEUMONIAE PNEUMONIA],481,0,,,,,RED
482,OTHER BACTERIAL PNEUMONIA,482,0,,,,,RED
483,PNEUMONIA DUE TO OTHER SPECIFIED ORGANISM,483,0,,,,,RED
484,PNEUMONIA IN INFECTIOUS DISEASES CLASSIFIED ELSEWHERE,484,0,,,,,RED
485,BRONCHOPNEUMONIA ORGANISM UNSPECIFIED,485,0,,,,,RED
486,PNEUMONIA ORGANISM UNSPECIFIED,486,0,,,,,RED
487,INFLUENZA,487,0,,,,,RED
488,INFLUENZA DUE TO CERTAIN IDENTIFIED INFLUENZA VIRUSES,488,0,,,,,RED
49,NON-ARTHROPOD BORNE LYMPHOCYTIC CHORIOMENINGITIS,49,0,,,,,RED
490,BRONCHITIS NOT SPECIFIED AS ACUTE OR CHRONIC,490,0,,,,,RED
491,CHRONIC BRONCHITIS,491,0,,,,,RED
492,EMPHYSEMA,492,0,,,,,RED
493,ASTHMA,493,0,,,,,RED
494,BRONCHIECTASIS,494,0,,,,,RED
495,EXTRINSIC ALLERGIC ALVEOLITIS,495,0,,,,,RED
496,CHRONIC AIRWAY OBSTRUCTION NOT ELSEWHERE CLASSIFIED,496,0,,,,,RED
5,OTHER FOOD POISONING (BACTERIAL),5,0,,,,,RED
50,VARIOLA MAJOR,50,0,,,,,RED
500,COAL WORKERS' PNEUMOCONIOSIS,500,0,,,,,RED
501,ASBESTOSIS,501,0,,,,,RED
502,PNEUMOCONIOSIS DUE TO OTHER SILICA OR SILICATES,502,0,,,,,RED
503,PNEUMOCONIOSIS DUE TO OTHER INORGANIC DUST,503,0,,,,,RED
504,PNEUMONOPATHY DUE TO INHALATION OF OTHER DUST,504,0,,,,,RED
505,PNEUMOCONIOSIS UNSPECIFIED,505,0,,,,,RED
506,RESPIRATORY CONDITIONS DUE TO CHEMICAL FUMES AND VAPORS,506,0,,,,,RED
507,PNEUMONITIS DUE TO SOLIDS AND LIQUIDS,507,0,,,,,RED
508,RESPIRATORY CONDITIONS DUE TO OTHER AND UNSPECIFIED EXTERNAL AGENTS,508,0,,,,,RED
51,COWPOX AND PARAVACCINIA,51,0,,,,,RED
510,EMPYEMA,510,0,,,,,RED
511,PLEURISY,511,0,,,,,RED
512,PNEUMOTHORAX AND AIR LEAK,512,0,,,,,RED
513,ABSCESS OF LUNG AND MEDIASTINUM,513,0,,,,,RED
514,PULMONARY CONGESTION AND HYPOSTASIS,514,0,,,,,RED
515,POSTINFLAMMATORY PULMONARY FIBROSIS,515,0,,,,,RED
516,OTHER ALVEOLAR AND PARIETOALVEOLAR PNEUMONOPATHY,516,0,,,,,RED
517,LUNG INVOLVEMENT IN CONDITIONS CLASSIFIED ELSEWHERE,517,0,,,,,RED
518,OTHER DISEASES OF LUNG,518,0,,,,,RED
519,OTHER DISEASES OF RESPIRATORY SYSTEM,519,0,,,,,RED
52,CHICKENPOX,52,0,,,,,RED
520,DISORDERS OF TOOTH DEVELOPMENT AND ERUPTION,520,0,,,,,RED
521,DISEASES OF HARD TISSUES OF TEETH,521,0,,,,,RED
522,DISEASES OF PULP AND PERIAPICAL TISSUES,522,0,,,,,RED
523,GINGIVAL AND PERIODONTAL DISEASES,523,0,,,,,RED
524,DENTOFACIAL ANOMALIES INCLUDING MALOCCLUSION,524,0,,,,,RED
525,OTHER DISEASES AND CONDITIONS OF THE TEETH AND SUPPORTING STRUCTURES,525,0,,,,,RED
526,DEVELOPMENTAL ODONTOGENIC CYSTS,526,0,,,,,RED
527,DISEASES OF THE SALIVARY GLANDS,527,0,,,,,RED
528,DISEASES OF THE ORAL SOFT TISSUES EXCLUDING LESIONS SPECIFIC FOR GINGIVA AND TONGUE,528,0,,,,,RED
529,DISEASES AND OTHER CONDITIONS OF THE TONGUE,529,0,,,,,RED
53,HERPES ZOSTER,53,0,,,,,RED
530,DISEASES OF ESOPHAGUS,530,0,,,,,RED
531,GASTRIC ULCER,531,0,,,,,RED
532,DUODENAL ULCER,532,0,,,,,RED
533,PEPTIC ULCER SITE UNSPECIFIED,533,0,,,,,RED
534,GASTROJEJUNAL ULCER,534,0,,,,,RED
535,GASTRITIS AND DUODENITIS,535,0,,,,,RED
536,DISORDERS OF FUNCTION OF STOMACH,536,0,,,,,RED
537,OTHER DISORDERS OF STOMACH AND DUODENUM,537,0,,,,,RED
538,GASTROINTESTINAL MUCOSITIS (ULCERATIVE),538,0,,,,,RED
539,INFECTION DUE TO GASTRIC BAND PROCEDURE,539.01,0,,,,,RED
54,HERPES SIMPLEX,54,0,,,,,RED
540,ACUTE APPENDICITIS,540,0,,,,,RED
541,APPENDICITIS UNQUALIFIED,541,0,,,,,RED
542,OTHER APPENDICITIS,542,0,,,,,RED
543,OTHER DISEASES OF APPENDIX,543,0,,,,,RED
55,MEASLES,55,0,,,,,RED
550,INGUINAL HERNIA,550,0,,,,,RED
551,OTHER HERNIA OF ABDOMINAL CAVITY WITH GANGRENE,551,0,,,,,RED
552,OTHER HERNIA OF ABDOMINAL CAVITY WITH OBSTRUCTION BUT WITHOUT MENTION OF GANGRENE,552,0,,,,,RED
553,OTHER HERNIA OF ABDOMINAL CAVITY WITHOUT MENTION OF OBSTRUCTION OR GANGRENE,553,0,,,,,RED
555,REGIONAL ENTERITIS,555,0,,,,,RED
556,ULCERATIVE ENTEROCOLITIS,556,0,,,,,RED
557,ACUTE VASCULAR INSUFFICIENCY OF INTESTINE,557,0,,,,,RED
558,OTHER AND UNSPECIFIED NONINFECTIOUS GASTROENTERITIS AND COLITIS,558,0,,,,,RED
56,ARTHRITIS DUE TO RUBELLA,56.71,0,,,,,RED
560,INTESTINAL OBSTRUCTION WITHOUT MENTION OF HERNIA,560,0,,,,,RED
562,DIVERTICULA OF INTESTINE,562,0,,,,,RED
564,FUNCTIONAL DIGESTIVE DISORDERS NOT ELSEWHERE CLASSIFIED,564,0,,,,,RED
565,ANAL FISSURE AND FISTULA,565,0,,,,,RED
566,ABSCESS OF ANAL AND RECTAL REGIONS,566,0,,,,,RED
567,PERITONITIS AND RETROPERITONEAL INFECTIONS,567,0,,,,,RED
568,OTHER DISORDERS OF PERITONEUM,568,0,,,,,RED
569,OTHER DISORDERS OF INTESTINE,569,0,,,,,RED
57,OTHER VIRAL EXANTHEMATA,57,0,,,,,RED
570,ACUTE AND SUBACUTE NECROSIS OF LIVER,570,0,,,,,RED
571,CHRONIC LIVER DISEASE AND CIRRHOSIS,571,0,,,,,RED
572,ABSCESS OF LIVER,572,0,,,,,RED
573,OTHER DISORDERS OF LIVER,573,0,,,,,RED
574,CHOLELITHIASIS,574,0,,,,,RED
575,OTHER DISORDERS OF GALLBLADDER,575,0,,,,,RED
576,OTHER DISORDERS OF BILIARY TRACT,576,0,,,,,RED
577,DISEASES OF PANCREAS,577,0,,,,,RED
578,GASTROINTESTINAL HEMORRHAGE,578,0,,,,,RED
579,INTESTINAL MALABSORPTION,579,0,,,,,RED
58,ROSEOLA INFANTUM UNSPECIFIED,58.1,0,,,,,RED
580,ACUTE GLOMERULONEPHRITIS,580,0,,,,,RED
581,NEPHROTIC SYNDROME,581,0,,,,,RED
582,CHRONIC GLOMERULONEPHRITIS,582,0,,,,,RED
583,NEPHRITIS AND NEPHROPATHY NOT SPECIFIED AS ACUTE OR CHRONIC,583,0,,,,,RED
584,ACUTE KIDNEY FAILURE,584,0,,,,,RED
585,CHRONIC KIDNEY DISEASE (CKD),585,0,,,,,RED
586,RENAL FAILURE UNSPECIFIED,586,0,,,,,RED
587,RENAL SCLEROSIS UNSPECIFIED,587,0,,,,,RED
588,DISORDERS RESULTING FROM IMPAIRED RENAL FUNCTION,588,0,,,,,RED
589,SMALL KIDNEY OF UNKNOWN CAUSE,589,0,,,,,RED
59,OTHER POXVIRUS INFECTIONS,59,0,,,,,RED
590,INFECTIONS OF KIDNEY,590,0,,,,,RED
591,HYDRONEPHROSIS,591,0,,,,,RED
592,CALCULUS OF KIDNEY AND URETER,592,0,,,,,RED
593,OTHER DISORDERS OF KIDNEY AND URETER,593,0,,,,,RED
594,CALCULUS OF LOWER URINARY TRACT,594,0,,,,,RED
595,CYSTITIS,595,0,,,,,RED
596,OTHER DISORDERS OF BLADDER,596,0,,,,,RED
597,URETHRITIS NOT SEXUALLY TRANSMITTED AND URETHRAL SYNDROME,597,0,,,,,RED
598,URETHRAL STRICTURE,598,0,,,,,RED
599,OTHER DISORDERS OF URETHRA AND URINARY TRACT,599,0,,,,,RED
6,AMEBIASIS,6,0,,,,,RED
60,YELLOW FEVER UNSPECIFIED,60.9,0,,,,,RED
600,HYPERPLASIA OF PROSTATE,600,0,,,,,RED
601,INFLAMMATORY DISEASES OF PROSTATE,601,0,,,,,RED
602,OTHER DISORDERS OF PROSTATE,602,0,,,,,RED
603,HYDROCELE,603,0,,,,,RED
604,ORCHITIS AND EPIDIDYMITIS,604,0,,,,,RED
605,REDUNDANT PREPUCE AND PHIMOSIS,605,0,,,,,RED
606,MALE INFERTILITY,606,0,,,,,RED
607,DISORDERS OF PENIS,607,0,,,,,RED
608,OTHER DISORDERS OF MALE GENITAL ORGANS,608,0,,,,,RED
61,DENGUE,61,0,,,,,RED
610,BENIGN MAMMARY DYSPLASIAS,610,0,,,,,RED
611,OTHER DISORDERS OF BREAST,611,0,,,,,RED
612,DEFORMITY AND DISPROPORTION OF RECONSTRUCTED BREAST,612,0,,,,,RED
614,INFLAMMATORY DISEASE OF OVARY FALLOPIAN TUBE PELVIC CELLULAR TISSUE AND PERITONEUM,614,0,,,,,RED
615,INFLAMMATORY DISEASES OF UTERUS EXCEPT CERVIX,615,0,,,,,RED
616,INFLAMMATORY DISEASE OF CERVIX VAGINA AND VULVA,616,0,,,,,RED
617,ENDOMETRIOSIS,617,0,,,,,RED
618,GENITAL PROLAPSE,618,0,,,,,RED
619,FISTULA INVOLVING FEMALE GENITAL TRACT,619,0,,,,,RED
62,MOSQUITO-BORNE VIRAL ENCEPHALITIS,62,0,,,,,RED
620,NONINFLAMMATORY DISORDERS OF OVARY FALLOPIAN TUBE AND BROAD LIGAMENT,620,0,,,,,RED
621,DISORDERS OF UTERUS NOT ELSEWHERE CLASSIFIED,621,0,,,,,RED
622,NONINFLAMMATORY DISORDERS OF CERVIX,622,0,,,,,RED
623,NONINFLAMMATORY DISORDERS OF VAGINA,623,0,,,,,RED
624,NONINFLAMMATORY DISORDERS OF VULVA AND PERINEUM,624,0,,,,,RED
625,PAIN AND OTHER SYMPTOMS ASSOCIATED WITH FEMALE GENITAL ORGANS,625,0,,,,,RED
626,DISORDERS OF MENSTRUATION AND OTHER ABNORMAL BLEEDING FROM FEMALE GENITAL TRACT,626,0,,,,,RED
627,MENOPAUSAL AND POSTMENOPAUSAL DISORDERS,627,0,,,,,RED
628,FEMALE INFERTILITY,628,0,,,,,RED
629,OTHER DISORDERS OF FEMALE GENITAL ORGANS,629,0,,,,,RED
63,TICK-BORNE VIRAL ENCEPHALITIS,63,0,,,,,RED
630,HYDATIDIFORM MOLE,630,0,,,,,RED
631,OTHER ABNORMAL PRODUCT OF CONCEPTION,631,0,,,,,RED
632,MISSED ABORTION,632,0,,,,,RED
633,ECTOPIC PREGNANCY,633,0,,,,,RED
634,SPONTANEOUS ABORTION,634,0,,,,,RED
635,LEGALLY INDUCED ABORTION,635,0,,,,,RED
636,ILLEGAL ABORTION,636,0,,,,,RED
637,UNSPECIFIED ABORTION,637,0,,,,,RED
638,FAILED ATTEMPTED ABORTION COMPLICATED BY GENITAL TRACT AND PELVIC INFECTION,638,0,,,,,RED
639,COMPLICATIONS FOLLOWING ABORTION AND ECTOPIC AND MOLAR PREGNANCIES,639,0,,,,,RED
64,VIRAL ENCEPHALITIS TRANSMITTED BY OTHER AND UNSPECIFIED ARTHROPODS,64,0,,,,,RED
640,HEMORRHAGE IN EARLY PREGNANCY,640,0,,,,,RED
641,ANTEPARTUM HEMORRHAGE ABRUPTIO PLACENTAE AND PLACENTA PREVIA,641,0,,,,,RED
642,HYPERTENSION COMPLICATING PREGNANCY CHILDBIRTH AND THE PUERPERIUM,642,0,,,,,RED
643,EXCESSIVE VOMITING IN PREGNANCY,643,0,,,,,RED
644,THREATENED PREMATURE LABOR,644,0,,,,,RED
645,LATE PREGNANCY,645,0,,,,,RED
646,OTHER COMPLICATIONS OF PREGNANCY NOT ELSEWHERE CLASSIFIED,646,0,,,,,RED
647,SYPHILIS COMPLICATING PREGNANCY CHILDBIRTH OR THE PUERPERIUM,647,0,,,,,RED
648,OTHER CURRENT CONDITIONS IN THE MOTHER CLASSIFIABLE ELSEWHERE BUT COMPLICATING PREGNANCY CHILDBIRTH OR THE PUERPERIUM,648,0,,,,,RED
649,TOBACCO USE DISORDER COMPLICATING PREGNANCY CHILDBIRTH OR THE PUERPERIUM UNSPECIFIED AS TO EPISODE OF CARE OR NOT APPLICABLE,649,0,,,,,RED
65,ARTHROPOD-BORNE HEMORRHAGIC FEVER,65,0,,,,,RED
650,NORMAL DELIVERY,650,0,,,,,RED
651,TWIN PREGNANCY,651,0,,,,,RED
652,UNSTABLE LIE UNSPECIFIED AS TO EPISODE OF CARE,652,0,,,,,RED
653,DISPROPORTION IN PREGNANCY LABOR AND DELIVERY,653,0,,,,,RED
654,ABNORMALITY OF ORGANS AND SOFT TISSUES OF PELVIS,654,0,,,,,RED
655,KNOWN OR SUSPECTED FETAL ABNORMALITY AFFECTING MANAGEMENT OF MOTHER,655,0,,,,,RED
656,OTHER KNOWN OR SUSPECTED FETAL AND PLACENTAL PROBLEMS AFFECTING MANAGEMENT OF MOTHER,656,0,,,,,RED
657,POLYHYDRAMNIOS,657,0,,,,,RED
658,OTHER PROBLEMS ASSOCIATED WITH AMNIOTIC CAVITY AND MEMBRANES,658,0,,,,,RED
659,OTHER INDICATIONS FOR CARE OR INTERVENTION RELATED TO LABOR AND DELIVERY NOT ELSEWHERE CLASSIFIED,659,0,,,,,RED
66,OTHER ARTHROPOD-BORNE VIRAL DISEASES,66,0,,,,,RED
660,OBSTRUCTED LABOR,660,0,,,,,RED
661,PRIMARY UTERINE INERTIA,661,0,,,,,RED
662,LONG LABOR,662,0,,,,,RED
663,UMBILICAL CORD COMPLICATIONS DURING LABOR AND DELIVERY,663,0,,,,,RED
664,TRAUMA TO PERINEUM AND VULVA DURING DELIVERY,664,0,,,,,RED
665,RUPTURE OF UTERUS BEFORE ONSET OF LABOR UNSPECIFIED AS TO EPISODE OF CARE,665,0,,,,,RED
666,THIRD-STAGE POSTPARTUM HEMORRHAGE UNSPECIFIED AS TO EPISODE OF CARE,666,0,,,,,RED
667,RETAINED PLACENTA WITHOUT HEMORRHAGE,667,0,,,,,RED
668,COMPLICATIONS OF THE ADMINISTRATION OF ANESTHETIC OR OTHER SEDATION IN LABOR AND DELIVERY,668,0,,,,,RED
669,OBSTETRIC SHOCK,669.1,0,,,,,RED
670,MAJOR PUERPERAL INFECTION UNSPECIFIED,670,0,,,,,RED
671,VENOUS COMPLICATIONS IN PREGNANCY AND THE PUERPERIUM,671,0,,,,,RED
672,PYREXIA OF UNKNOWN ORIGIN DURING THE PUERPERIUM,672,0,,,,,RED
673,OBSTETRICAL PULMONARY EMBOLISM,673,0,,,,,RED
674,OTHER AND UNSPECIFIED COMPLICATIONS OF THE PUERPERIUM NOT ELSEWHERE CLASSIFIED,674,0,,,,,RED
675,INFECTIONS OF NIPPLE ASSOCIATED WITH CHILDBIRTH UNSPECIFIED AS TO EPISODE OF CARE,675,0,,,,,RED
676,OTHER DISORDERS OF THE BREAST ASSOCIATED WITH CHILDBIRTH AND DISORDERS OF LACTATION,676,0,,,,,RED
677,LATE EFFECT OF COMPLICATION OF PREGNANCY CHILDBIRTH THE PUERPERIUM,677,0,,,,,RED
678,OTHER FETAL CONDITIONS,678,0,,,,,RED
679,COMPLICATIONS OF IN UTERO PROCEDURES,679,0,,,,,RED
680,CARBUNCLE AND FURUNCLE,680,0,,,,,RED
681,CELLULITIS AND ABSCESS OF FINGER AND TOE,681,0,,,,,RED
682,OTHER CELLULITIS AND ABSCESS,682,0,,,,,RED
683,ACUTE LYMPHADENITIS,683,0,,,,,RED
684,IMPETIGO,684,0,,,,,RED
685,PILONIDAL CYST,685,0,,,,,RED
686,OTHER LOCAL INFECTIONS OF SKIN AND SUBCUTANEOUS TISSUE,686,0,,,,,RED
690,ERYTHEMATOSQUAMOUS DERMATOSIS,690,0,,,,,RED
691,ATOPIC DERMATITIS AND RELATED CONDITIONS,691,0,,,,,RED
692,CONTACT DERMATITIS AND OTHER ECZEMA,692,0,,,,,RED
693,DERMATITIS DUE TO SUBSTANCES TAKEN INTERNALLY,693,0,,,,,RED
694,BULLOUS DERMATOSES,694,0,,,,,RED
695,ERYTHEMATOUS CONDITIONS,695,0,,,,,RED
696,PSORIASIS AND SIMILAR DISORDERS,696,0,,,,,RED
697,LICHEN,697,0,,,,,RED
698,PRURITUS AND RELATED CONDITIONS,698,0,,,,,RED
7,BALANTIDIASIS,7,0,,,,,RED
70,VIRAL HEPATITIS,70,0,,,,,RED
700,CORNS AND CALLOSITIES,700,0,,,,,RED
701,OTHER HYPERTROPHIC AND ATROPHIC CONDITIONS OF SKIN,701,0,,,,,RED
702,OTHER DERMATOSES,702,0,,,,,RED
703,DISEASES OF NAIL,703,0,,,,,RED
704,DISEASES OF HAIR AND HAIR FOLLICLES,704,0,,,,,RED
705,DISORDERS OF SWEAT GLANDS,705,0,,,,,RED
706,DISEASES OF SEBACEOUS GLANDS,706,0,,,,,RED
707,CHRONIC ULCER OF SKIN,707,0,,,,,RED
708,URTICARIA,708,0,,,,,RED
709,OTHER DISORDERS OF SKIN AND SUBCUTANEOUS TISSUE,709,0,,,,,RED
71,RABIES,71,0,,,,,RED
710,DIFFUSE DISEASES OF CONNECTIVE TISSUE,710,0,,,,,RED
711,ARTHROPATHY ASSOCIATED WITH INFECTIONS,711,0,,,,,RED
712,CRYSTAL ARTHROPATHIES,712,0,,,,,RED
713,ARTHROPATHY ASSOCIATED WITH OTHER DISORDERS CLASSIFIED ELSEWHERE,713,0,,,,,RED
714,RHEUMATOID ARTHRITIS AND OTHER INFLAMMATORY POLYARTHROPATHIES,714,0,,,,,RED
715,OSTEOARTHROSIS AND ALLIED DISORDERS,715,0,,,,,RED
716,OTHER AND UNSPECIFIED ARTHROPATHIES,716,0,,,,,RED
717,INTERNAL DERANGEMENT OF KNEE,717,0,,,,,RED
718,OTHER DERANGEMENT OF JOINT,718,0,,,,,RED
719,OTHER AND UNSPECIFIED DISORDERS OF JOINT,719,0,,,,,RED
72,MUMPS,72,0,,,,,RED
720,ANKYLOSING SPONDYLITIS AND OTHER INFLAMMATORY SPONDYLOPATHIES,720,0,,,,,RED
721,SPONDYLOSIS AND ALLIED DISORDERS,721,0,,,,,RED
722,INTERVERTEBRAL DISC DISORDERS,722,0,,,,,RED
723,OTHER DISORDERS OF CERVICAL REGION,723,0,,,,,RED
724,OTHER AND UNSPECIFIED DISORDERS OF BACK,724,0,,,,,RED
725,POLYMYALGIA RHEUMATICA,725,0,,,,,RED
726,PERIPHERAL ENTHESOPATHIES AND ALLIED SYNDROMES,726,0,,,,,RED
727,OTHER DISORDERS OF SYNOVIUM TENDON AND BURSA,727,0,,,,,RED
728,DISORDERS OF MUSCLE LIGAMENT AND FASCIA,728,0,,,,,RED
729,OTHER DISORDERS OF SOFT TISSUES,729,0,,,,,RED
73,ORNITHOSIS,73,0,,,,,RED
730,OSTEOMYELITIS PERIOSTITIS AND OTHER INFECTIONS INVOLVING BONE,730,0,,,,,RED
731,OSTEITIS DEFORMANS AND OSTEOPATHIES ASSOCIATED WITH OTHER DISORDERS CLASSIFIED ELSEWHERE,731,0,,,,,RED
732,OSTEOCHONDROPATHIES,732,0,,,,,RED
733,OTHER DISORDERS OF BONE AND CARTILAGE,733,0,,,,,RED
734,FLAT FOOT,734,0,,,,,RED
735,ACQUIRED DEFORMITIES OF TOE,735,0,,,,,RED
736,OTHER ACQUIRED DEFORMITIES OF LIMBS,736,0,,,,,RED
737,CURVATURE OF SPINE,737,0,,,,,RED
738,OTHER ACQUIRED MUSCULOSKELETAL DEFORMITY,738,0,,,,,RED
739,NONALLOPATHIC LESIONS NOT ELSEWHERE CLASSIFIED,739,0,,,,,RED
74,SPECIFIC DISEASES DUE TO COXSACKIE VIRUS,74,0,,,,,RED
740,ANENCEPHALUS AND SIMILAR ANOMALIES,740,0,,,,,RED
741,SPINA BIFIDA,741,0,,,,,RED
742,OTHER CONGENITAL ANOMALIES OF NERVOUS SYSTEM,742,0,,,,,RED
743,CONGENITAL ANOMALIES OF EYE,743,0,,,,,RED
744,CONGENITAL ANOMALIES OF EAR FACE AND NECK,744,0,,,,,RED
745,BULBUS CORDIS ANOMALIES AND ANOMALIES OF CARDIAC SEPTAL CLOSURE,745,0,,,,,RED
746,OTHER CONGENITAL ANOMALIES OF HEART,746,0,,,,,RED
747,OTHER CONGENITAL ANOMALIES OF CIRCULATORY SYSTEM,747,0,,,,,RED
748,CHOANAL ATRESIA,748,0,,,,,RED
749,CLEFT PALATE AND CLEFT LIP,749,0,,,,,RED
75,INFECTIOUS MONONUCLEOSIS,75,0,,,,,RED
750,OTHER CONGENITAL ANOMALY OF UPPER ALIMENTARY TRACT,750,0,,,,,RED
751,OTHER CONGENITAL ANOMALIES OF DIGESTIVE SYSTEM,751,0,,,,,RED
752,CONGENITAL ANOMALIES OF GENITAL ORGANS,752,0,,,,,RED
753,CONGENITAL ANOMALIES OF URINARY SYSTEM,753,0,,,,,RED
754,CERTAIN CONGENITAL MUSCULOSKELETAL DEFORMITIES,754,0,,,,,RED
755,OTHER CONGENITAL ANOMALIES OF LIMBS,755,0,,,,,RED
756,OTHER CONGENITAL MUSCULOSKELETAL ANOMALIES,756,0,,,,,RED
757,CONGENITAL ANOMALIES OF THE INTEGUMENT,757,0,,,,,RED
758,CHROMOSOMAL ANOMALIES,758,0,,,,,RED
759,OTHER AND UNSPECIFIED CONGENITAL ANOMALIES,759,0,,,,,RED
76,TRACHOMA,76,0,,,,,RED
760,FETUS OR NEWBORN AFFECTED BY MATERNAL CONDITIONS WHICH MAY BE UNRELATED TO PRESENT PREGNANCY,760,0,,,,,RED
761,FETUS OR NEWBORN AFFECTED BY MATERNAL COMPLICATIONS OF PREGNANCY,761,0,,,,,RED
762,FETUS OR NEWBORN AFFECTED BY COMPLICATIONS OF PLACENTA CORD AND MEMBRANES,762,0,,,,,RED
763,FETUS OR NEWBORN AFFECTED BY OTHER COMPLICATIONS OF LABOR AND DELIVERY,763,0,,,,,RED
764,SLOW FETAL GROWTH AND FETAL MALNUTRITION,764,0,,,,,RED
765,DISORDERS RELATING TO SHORT GESTATION AND UNSPECIFIED LOW BIRTHWEIGHT,765,0,,,,,RED
766,DISORDERS RELATING TO LONG GESTATION AND HIGH BIRTHWEIGHT,766,0,,,,,RED
767,BIRTH TRAUMA,767,0,,,,,RED
768,FETAL DEATH FROM ASPHYXIA OR ANOXIA DURING LABOR,768.1,0,,,,,RED
769,RESPIRATORY DISTRESS SYNDROME IN NEWBORN,769,0,,,,,RED
77,OTHER DISEASES OF CONJUNCTIVA DUE TO VIRUSES AND CHLAMYDIAE,77,0,,,,,RED
770,OTHER RESPIRATORY CONDITIONS OF FETUS AND NEWBORN,770,0,,,,,RED
771,INFECTIONS SPECIFIC TO THE PERINATAL PERIOD,771,0,,,,,RED
772,FETAL AND NEONATAL HEMORRHAGE,772,0,,,,,RED
773,HEMOLYTIC DISEASE OF FETUS OR NEWBORN DUE TO ISOIMMUNIZATION,773,0,,,,,RED
774,OTHER PERINATAL JAUNDICE,774,0,,,,,RED
775,SYNDROME OF 'INFANT OF A DIABETIC MOTHER',775,0,,,,,RED
776,HEMATOLOGICAL DISORDERS OF NEWBORN,776,0,,,,,RED
777,MECONIUM OBSTRUCTION IN FETUS OR NEWBORN,777.1,0,,,,,RED
778,CONDITIONS INVOLVING THE INTEGUMENT AND TEMPERATURE REGULATION OF FETUS AND NEWBORN,778,0,,,,,RED
779,OTHER AND ILL-DEFINED CONDITIONS ORIGINATING IN THE PERINATAL PERIOD,779,0,,,,,RED
78,OTHER DISEASES DUE TO VIRUSES AND CHLAMYDIAE,78,0,,,,,RED
780,GENERAL SYMPTOMS,780,0,,,,,RED
781,SYMPTOMS INVOLVING NERVOUS AND MUSCULOSKELETAL SYSTEMS,781,0,,,,,RED
782,SYMPTOMS INVOLVING SKIN AND OTHER INTEGUMENTARY TISSUE,782,0,,,,,RED
783,SYMPTOMS CONCERNING NUTRITION METABOLISM AND DEVELOPMENT,783,0,,,,,RED
784,SYMPTOMS INVOLVING HEAD AND NECK,784,0,,,,,RED
785,SYMPTOMS INVOLVING CARDIOVASCULAR SYSTEM,785,0,,,,,RED
786,SYMPTOMS INVOLVING RESPIRATORY SYSTEM AND OTHER CHEST SYMPTOMS,786,0,,,,,RED
787,SYMPTOMS INVOLVING DIGESTIVE SYSTEM,787,0,,,,,RED
788,SYMPTOMS INVOLVING URINARY SYSTEM,788,0,,,,,RED
789,OTHER SYMPTOMS INVOLVING ABDOMEN AND PELVIS,789,0,,,,,RED
79,VIRAL AND CHLAMYDIAL INFECTION IN CONDITIONS CLASSIFIED ELSEWHERE AND OF UNSPECIFIED SITE,79,0,,,,,RED
790,NONSPECIFIC FINDINGS ON EXAMINATION OF BLOOD,790,0,,,,,RED
791,NONSPECIFIC FINDINGS ON EXAMINATION OF URINE,791,0,,,,,RED
792,NONSPECIFIC ABNORMAL FINDINGS IN CEREBROSPINAL FLUID,792,0,,,,,RED
793,NONSPECIFIC (ABNORMAL) FINDINGS ON RADIOLOGICAL AND OTHER EXAMINATION OF BODY STRUCTURE,793,0,,,,,RED
794,NONSPECIFIC ABNORMAL RESULTS OF FUNCTION STUDIES,794,0,,,,,RED
795,"OTHER AND NONSPECIFIC ABNORMAL CYTOLOGICAL, HISTOLOGICAL, IMMUNOLOGICAL AND DNA TEST FINDINGS",795,0,,,,,RED
796,OTHER NONSPECIFIC ABNORMAL FINDINGS,796,0,,,,,RED
797,SENILITY WITHOUT PSYCHOSIS,797,0,,,,,RED
798,SUDDEN DEATH CAUSE UNKNOWN,798,0,,,,,RED
799,OTHER ILL-DEFINED AND UNKNOWN CAUSES OF MORBIDITY AND MORTALITY,799,0,,,,,RED
8,INTESTINAL INFECTIONS DUE TO OTHER ORGANISMS,8,0,,,,,RED
80,LOUSE-BORNE (EPIDEMIC) TYPHUS,80,0,,,,,RED
800,FRACTURE OF VAULT OF SKULL,800,0,,,,,RED
801,FRACTURE OF BASE OF SKULL,801,0,,,,,RED
802,FRACTURE OF FACE BONES,802,0,,,,,RED
803,OTHER AND UNQUALIFIED SKULL FRACTURES,803,0,,,,,RED
804,MULTIPLE FRACTURES INVOLVING SKULL OR FACE WITH OTHER BONES,804,0,,,,,RED
805,FRACTURE OF VERTEBRAL COLUMN WITHOUT MENTION OF SPINAL CORD INJURY,805,0,,,,,RED
806,FRACTURE OF VERTEBRAL COLUMN WITH SPINAL CORD INJURY,806,0,,,,,RED
807,FRACTURE OF RIB(S) STERNUM LARYNX AND TRACHEA,807,0,,,,,RED
808,FRACTURE OF PELVIS,808,0,,,,,RED
809,ILL-DEFINED FRACTURES OF BONES OF TRUNK,809,0,,,,,RED
81,MURINE (ENDEMIC) TYPHUS,81,0,,,,,RED
810,FRACTURE OF CLAVICLE,810,0,,,,,RED
811,FRACTURE OF SCAPULA,811,0,,,,,RED
812,FRACTURE OF HUMERUS,812,0,,,,,RED
813,FRACTURE OF RADIUS AND ULNA,813,0,,,,,RED
814,FRACTURE OF CARPAL BONE(S),814,0,,,,,RED
815,FRACTURE OF METACARPAL BONE(S),815,0,,,,,RED
816,FRACTURE OF ONE OR MORE PHALANGES OF HAND,816,0,,,,,RED
817,MULTIPLE CLOSED FRACTURES OF HAND BONES,817,0,,,,,RED
818,ILL-DEFINED FRACTURES OF UPPER LIMB,818,0,,,,,RED
819,MULTIPLE CLOSED FRACTURES INVOLVING BOTH UPPER LIMBS AND UPPER LIMB WITH RIB(S) AND STERNUM,819,0,,,,,RED
82,TICK-BORNE RICKETTSIOSES,82,0,,,,,RED
820,FRACTURE OF NECK OF FEMUR,820,0,,,,,RED
821,FRACTURE OF OTHER AND UNSPECIFIED PARTS OF FEMUR,821,0,,,,,RED
822,FRACTURE OF PATELLA,822,0,,,,,RED
823,FRACTURE OF TIBIA AND FIBULA,823,0,,,,,RED
824,FRACTURE OF ANKLE,824,0,,,,,RED
825,FRACTURE OF ONE OR MORE TARSAL AND METATARSAL BONES,825,0,,,,,RED
826,FRACTURE OF ONE OR MORE PHALANGES OF FOOT,826,0,,,,,RED
827,OTHER MULTIPLE AND ILL-DEFINED FRACTURES OF LOWER LIMB,827,0,,,,,RED
828,MULTIPLE FRACTURES INVOLVING BOTH LOWER LIMBS LOWER WITH UPPER LIMB AND LOWER LIMB(S) WITH RIB(S) AND STERNUM,828,0,,,,,RED
829,FRACTURE OF UNSPECIFIED BONES,829,0,,,,,RED
83,Q FEVER,83,0,,,,,RED
830,DISLOCATION OF JAW,830,0,,,,,RED
831,DISLOCATION OF SHOULDER,831,0,,,,,RED
832,DISLOCATION OF ELBOW,832,0,,,,,RED
833,CLOSED DISLOCATION OF WRIST,833,0,,,,,RED
834,DISLOCATION OF FINGER,834,0,,,,,RED
835,DISLOCATION OF HIP,835,0,,,,,RED
836,DISLOCATION OF KNEE,836,0,,,,,RED
837,DISLOCATION OF ANKLE,837,0,,,,,RED
838,DISLOCATION OF FOOT,838,0,,,,,RED
839,CLOSED DISLOCATION CERVICAL VERTEBRA,839,0,,,,,RED
84,MALARIA,84,0,,,,,RED
840,SPRAINS AND STRAINS OF SHOULDER AND UPPER ARM,840,0,,,,,RED
841,SPRAINS AND STRAINS OF ELBOW AND FOREARM,841,0,,,,,RED
842,SPRAINS AND STRAINS OF WRIST AND HAND,842,0,,,,,RED
843,SPRAINS AND STRAINS OF HIP AND THIGH,843,0,,,,,RED
844,SPRAINS AND STRAINS OF KNEE AND LEG,844,0,,,,,RED
845,SPRAINS AND STRAINS OF ANKLE AND FOOT,845,0,,,,,RED
846,SPRAINS AND STRAINS OF SACROILIAC REGION,846,0,,,,,RED
847,SPRAINS AND STRAINS OF OTHER AND UNSPECIFIED PARTS OF BACK,847,0,,,,,RED
848,OTHER AND ILL-DEFINED SPRAINS AND STRAINS,848,0,,,,,RED
85,LEISHMANIASIS VISCERAL (KALA-AZAR),85,0,,,,,RED
850,CONCUSSION,850,0,,,,,RED
851,CEREBRAL LACERATION AND CONTUSION,851,0,,,,,RED
852,SUBARACHNOID SUBDURAL AND EXTRADURAL HEMORRHAGE FOLLOWING INJURY,852,0,,,,,RED
853,OTHER AND UNSPECIFIED INTRACRANIAL HEMORRHAGE FOLLOWING INJURY,853,0,,,,,RED
854,INTRACRANIAL INJURY OF OTHER AND UNSPECIFIED NATURE,854,0,,,,,RED
86,CHAGAS' DISEASE WITH HEART INVOLVEMENT,86,0,,,,,RED
860,TRAUMATIC PNEUMOTHORAX AND HEMOTHORAX,860,0,,,,,RED
861,CONTUSION OF HEART WITHOUT OPEN WOUND INTO THORAX,861.01,0,,,,,RED
862,INJURY TO OTHER AND UNSPECIFIED INTRATHORACIC ORGANS,862,0,,,,,RED
863,INJURY TO GASTROINTESTINAL TRACT,863,0,,,,,RED
864,INJURY TO LIVER WITHOUT MENTION OF OPEN WOUND INTO CAVITY,864,0,,,,,RED
865,INJURY TO SPLEEN,865,0,,,,,RED
866,INJURY TO KIDNEY,866,0,,,,,RED
867,INJURY TO BLADDER AND URETHRA WITHOUT OPEN WOUND INTO CAVITY,867,0,,,,,RED
868,INJURY TO OTHER INTRA-ABDOMINAL ORGANS WITHOUT MENTION OF OPEN WOUND INTO CAVITY,868,0,,,,,RED
869,INTERNAL INJURY TO UNSPECIFIED OR ILL-DEFINED ORGANS WITHOUT OPEN WOUND INTO CAVITY,869,0,,,,,RED
87,RELAPSING FEVER LOUSE-BORNE,87,0,,,,,RED
870,OPEN WOUND OF OCULAR ADNEXA,870,0,,,,,RED
871,OPEN WOUND OF EYEBALL,871,0,,,,,RED
872,OPEN WOUND OF EAR,872,0,,,,,RED
873,OTHER OPEN WOUND OF HEAD,873,0,,,,,RED
874,OPEN WOUND OF LARYNX AND TRACHEA WITHOUT MENTION OF COMPLICATION,874,0,,,,,RED
875,OPEN WOUND OF CHEST (WALL),875,0,,,,,RED
876,OPEN WOUND OF BACK,876,0,,,,,RED
877,OPEN WOUND OF BUTTOCK,877,0,,,,,RED
878,OPEN WOUND OF GENITAL ORGANS (EXTERNAL) INCLUDING TRAUMATIC AMPUTATION,878,0,,,,,RED
879,OPEN WOUND OF OTHER AND UNSPECIFIED SITES EXCEPT LIMBS,879,0,,,,,RED
88,OTHER ARTHROPOD-BORNE DISEASES,88,0,,,,,RED
880,OPEN WOUND OF SHOULDER AND UPPER ARM,880,0,,,,,RED
881,OPEN WOUND OF ELBOW FOREARM AND WRIST,881,0,,,,,RED
882,OPEN WOUND OF HAND EXCEPT FINGER(S) ALONE,882,0,,,,,RED
883,OPEN WOUND OF FINGER(S),883,0,,,,,RED
884,MULTIPLE AND UNSPECIFIED OPEN WOUND OF UPPER LIMB,884,0,,,,,RED
885,TRAUMATIC AMPUTATION OF THUMB (COMPLETE) (PARTIAL),885,0,,,,,RED
886,TRAUMATIC AMPUTATION OF OTHER FINGER(S) (COMPLETE) (PARTIAL),886,0,,,,,RED
887,TRAUMATIC AMPUTATION OF ARM AND HAND (COMPLETE) (PARTIAL),887,0,,,,,RED
890,OPEN WOUND OF HIP AND THIGH,890,0,,,,,RED
891,OPEN WOUND OF KNEE LEG (EXCEPT THIGH) AND ANKLE,891,0,,,,,RED
892,OPEN WOUND OF FOOT EXCEPT TOE(S) ALONE,892,0,,,,,RED
893,OPEN WOUND OF TOE(S),893,0,,,,,RED
894,MULTIPLE AND UNSPECIFIED OPEN WOUND OF LOWER LIMB,894,0,,,,,RED
895,TRAUMATIC AMPUTATION OF TOE(S) (COMPLETE) (PARTIAL),895,0,,,,,RED
896,TRAUMATIC AMPUTATION OF FOOT (COMPLETE) (PARTIAL) UNILATERAL WITHOUT COMPLICATION,896,0,,,,,RED
897,TRAUMATIC AMPUTATION OF LEG(S) (COMPLETE) (PARTIAL),897,0,,,,,RED
9,ILL-DEFINED INTESTINAL INFECTIONS,9,0,,,,,RED
90,CONGENITAL SYPHILIS,90,0,,,,,RED
900,INJURY TO BLOOD VESSELS OF HEAD AND NECK,900,0,,,,,RED
901,INJURY TO THORACIC AORTA,901,0,,,,,RED
902,INJURY TO BLOOD VESSELS OF ABDOMEN AND PELVIS,902,0,,,,,RED
903,INJURY TO BLOOD VESSELS OF UPPER EXTREMITY,903,0,,,,,RED
904,INJURY TO BLOOD VESSELS OF LOWER EXTREMITY AND UNSPECIFIED SITES,904,0,,,,,RED
905,LATE EFFECTS OF MUSCULOSKELETAL AND CONNECTIVE TISSUE INJURIES,905,0,,,,,RED
906,LATE EFFECTS OF INJURIES TO SKIN AND SUBCUTANEOUS TISSUES,906,0,,,,,RED
907,LATE EFFECTS OF INJURIES TO THE NERVOUS SYSTEM,907,0,,,,,RED
908,LATE EFFECT OF INTERNAL INJURY TO CHEST,908,0,,,,,RED
909,LATE EFFECT OF POISONING DUE TO DRUG MEDICINAL OR BIOLOGICAL SUBSTANCE,909,0,,,,,RED
91,GENITAL SYPHILIS (PRIMARY),91,0,,,,,RED
910,SUPERFICIAL INJURY OF FACE NECK AND SCALP EXCEPT EYE,910,0,,,,,RED
911,SUPERFICIAL INJURY OF TRUNK,911,0,,,,,RED
912,SUPERFICIAL INJURY OF SHOULDER AND UPPER ARM,912,0,,,,,RED
913,SUPERFICIAL INJURY OF ELBOW FOREARM AND WRIST,913,0,,,,,RED
914,SUPERFICIAL INJURY OF HAND(S) EXCEPT FINGER(S) ALONE,914,0,,,,,RED
915,SUPERFICIAL INJURY OF FINGER(S),915,0,,,,,RED
916,SUPERFICIAL INJURY OF HIP THIGH LEG AND ANKLE,916,0,,,,,RED
917,SUPERFICIAL INJURY OF FOOT AND TOE(S),917,0,,,,,RED
918,SUPERFICIAL INJURY OF EYE AND ADNEXA,918,0,,,,,RED
919,SUPERFICIAL INJURY OF OTHER MULTIPLE AND UNSPECIFIED SITES,919,0,,,,,RED
92,EARLY SYPHILIS LATENT SEROLOGICAL RELAPSE AFTER TREATMENT,92,0,,,,,RED
920,CONTUSION OF FACE SCALP AND NECK EXCEPT EYE(S),920,0,,,,,RED
921,CONTUSION OF EYE AND ADNEXA,921,0,,,,,RED
922,CONTUSION OF TRUNK,922,0,,,,,RED
923,CONTUSION OF UPPER LIMB,923,0,,,,,RED
924,CONTUSION OF LOWER LIMB AND OF OTHER AND UNSPECIFIED SITES,924,0,,,,,RED
925,CRUSHING INJURY OF FACE SCALP AND NECK,925,0,,,,,RED
926,CRUSHING INJURY OF EXTERNAL GENITALIA,926,0,,,,,RED
927,CRUSHING INJURY OF UPPER LIMB,927,0,,,,,RED
928,CRUSHING INJURY OF LOWER LIMB,928,0,,,,,RED
929,CRUSHING INJURY OF MULTIPLE AND UNSPECIFIED SITES,929,0,,,,,RED
93,CARDIOVASCULAR SYPHILIS,93,0,,,,,RED
930,FOREIGN BODY ON EXTERNAL EYE,930,0,,,,,RED
931,FOREIGN BODY IN EAR,931,0,,,,,RED
932,FOREIGN BODY IN NOSE,932,0,,,,,RED
933,FOREIGN BODY IN PHARYNX AND LARYNX,933,0,,,,,RED
934,FOREIGN BODY IN TRACHEA,934,0,,,,,RED
935,FOREIGN BODY IN MOUTH ESOPHAGUS AND STOMACH,935,0,,,,,RED
936,FOREIGN BODY IN INTESTINE AND COLON,936,0,,,,,RED
937,FOREIGN BODY IN ANUS AND RECTUM,937,0,,,,,RED
938,FOREIGN BODY IN DIGESTIVE SYSTEM UNSPECIFIED,938,0,,,,,RED
939,FOREIGN BODY IN GENITOURINARY TRACT,939,0,,,,,RED
94,NEUROSYPHILIS,94,0,,,,,RED
940,BURN CONFINED TO EYE AND ADNEXA,940,0,,,,,RED
941,BURN OF FACE HEAD AND NECK,941,0,,,,,RED
942,BURN OF TRUNK,942,0,,,,,RED
943,BURN OF UPPER LIMB EXCEPT WRIST AND HAND,943,0,,,,,RED
944,BURN OF WRIST(S) AND HAND(S),944,0,,,,,RED
945,BURN OF LOWER LIMB(S),945,0,,,,,RED
946,BURNS OF MULTIPLE SPECIFIED SITES,946,0,,,,,RED
947,BURN OF MOUTH AND PHARYNX,947,0,,,,,RED
948,BURNS CLASSIFIED ACCORDING TO EXTENT OF BODY SURFACE INVOLVED,948,0,,,,,RED
949,BURN UNSPECIFIED SITE,949,0,,,,,RED
95,OTHER FORMS OF LATE SYPHILIS WITH SYMPTOMS,95,0,,,,,RED
950,OPTIC NERVE INJURY,950,0,,,,,RED
951,INJURY TO OTHER CRANIAL NERVE(S),951,0,,,,,RED
952,SPINAL CORD INJURY WITHOUT EVIDENCE OF SPINAL BONE INJURY,952,0,,,,,RED
953,INJURY TO NERVE ROOTS AND SPINAL PLEXUS,953,0,,,,,RED
954,INJURY TO CERVICAL SYMPATHETIC NERVE EXCLUDING SHOULDER AND PELVIC GIRDLES,954,0,,,,,RED
955,INJURY TO PERIPHERAL NERVE(S) OF SHOULDER GIRDLE AND UPPER LIMB,955,0,,,,,RED
956,INJURY TO PERIPHERAL NERVE(S) OF PELVIC GIRDLE AND LOWER LIMB,956,0,,,,,RED
957,INJURY TO SUPERFICIAL NERVES OF HEAD AND NECK,957,0,,,,,RED
958,CERTAIN EARLY COMPLICATIONS OF TRAUMA,958,0,,,,,RED
959,INJURY OTHER AND UNSPECIFIED,959,0,,,,,RED
96,LATE SYPHILIS LATENT,96,0,,,,,RED
960,POISONING BY ANTIBIOTICS,960,0,,,,,RED
961,POISONING BY OTHER ANTI-INFECTIVES,961,0,,,,,RED
962,POISONING BY HORMONES AND SYNTHETIC SUBSTITUTES,962,0,,,,,RED
963,POISONING BY PRIMARILY SYSTEMIC AGENTS,963,0,,,,,RED
964,POISONING BY AGENTS PRIMARILY AFFECTING BLOOD CONSTITUENTS,964,0,,,,,RED
965,POISONING BY ANALGESICS ANTIPYRETICS AND ANTIRHEUMATICS,965,0,,,,,RED
966,POISONING BY OXAZOLIDINE DERIVATIVES,966,0,,,,,RED
967,POISONING BY BARBITURATES,967,0,,,,,RED
968,POISONING BY OTHER CENTRAL NERVOUS SYSTEM DEPRESSANTS AND ANESTHETICS,968,0,,,,,RED
969,POISONING BY ANTIDEPRESSANTS,969,0,,,,,RED
97,LATE SYPHILIS UNSPECIFIED,97,0,,,,,RED
970,POISONING BY CENTRAL NERVOUS SYSTEM STIMULANTS,970,0,,,,,RED
971,POISONING BY DRUGS PRIMARILY AFFECTING THE AUTONOMIC NERVOUS SYSTEM,971,0,,,,,RED
972,POISONING BY CARDIAC RHYTHM REGULATORS,972,0,,,,,RED
973,POISONING BY AGENTS PRIMARILY AFFECTING THE GASTROINTESTINAL SYSTEM,973,0,,,,,RED
974,POISONING BY SALURETICS,974.3,0,,,,,RED
975,POISONING BY OXYTOCIC AGENTS,975,0,,,,,RED
976,POISONING BY AGENTS PRIMARILY AFFECTING SKIN AND MUCOUS MEMBRANE OPHTHALMOLOGICAL OTORHINOLARYNGOLOGICAL AND DENTAL DRUGS,976,0,,,,,RED
977,POISONING BY DIETETICS,977,0,,,,,RED
978,POISONING BY BACTERIAL VACCINES,978,0,,,,,RED
979,POISONING BY SMALLPOX VACCINE,979,0,,,,,RED
98,GONOCOCCAL INFECTION (ACUTE) OF LOWER GENITOURINARY TRACT,98,0,,,,,RED
980,TOXIC EFFECT OF ALCOHOL,980,0,,,,,RED
981,TOXIC EFFECT OF PETROLEUM PRODUCTS,981,0,,,,,RED
982,TOXIC EFFECT OF SOLVENTS OTHER THAN PETROLEUM-BASED,982,0,,,,,RED
983,TOXIC EFFECT OF CORROSIVE AROMATICS,983,0,,,,,RED
984,TOXIC EFFECT OF LEAD AND ITS COMPOUNDS (INCLUDING FUMES),984,0,,,,,RED
985,TOXIC EFFECT OF MERCURY AND ITS COMPOUNDS,985,0,,,,,RED
986,TOXIC EFFECT OF CARBON MONOXIDE,986,0,,,,,RED
987,TOXIC EFFECT OF LIQUEFIED PETROLEUM GASES,987,0,,,,,RED
988,TOXIC EFFECT OF FISH AND SHELLFISH EATEN AS FOOD,988,0,,,,,RED
989,TOXIC EFFECT OF OTHER SUBSTANCES CHIEFLY NONMEDICINAL AS TO SOURCE,989,0,,,,,RED
99,OTHER VENEREAL DISEASES,99,0,,,,,RED
990,EFFECTS OF RADIATION UNSPECIFIED,990,0,,,,,RED
991,FROSTBITE OF FACE,991,0,,,,,RED
992,EFFECTS OF HEAT AND LIGHT,992,0,,,,,RED
993,EFFECTS OF AIR PRESSURE,993,0,,,,,RED
994,EFFECTS OF OTHER EXTERNAL CAUSES,994,0,,,,,RED
995,CERTAIN ADVERSE EFFECTS NOT ELSEWHERE CLASSIFIED,995,0,,,,,RED
996,COMPLICATIONS PECULIAR TO CERTAIN SPECIFIED PROCEDURES,996,0,,,,,RED
997,COMPLICATIONS AFFECTING SPECIFIED BODY SYSTEM NOT ELSEWHERE CLASSIFIED,997,0,,,,,RED
998,OTHER COMPLICATIONS OF PROCEDURES NOT ELSEWHERE CLASSIFIED,998,0,,,,,RED
999,COMPLICATIONS OF MEDICAL CARE NOT ELSEWHERE CLASSIFIED,999,0,,,,,RED
E000,CIVILIAN ACTIVITY DONE FOR INCOME OR PAY,E000.0,0,,,,,RED
E001,"WALKING, MARCHING AND HIKING",E001.0,0,,,,,RED
E002,SWIMMING,E002.0,0,,,,,RED
E003,ICE SKATING,E003.0,0,,,,,RED
E004,MOUNTAIN CLIMBING ROCK CLIMBING AND WALL CLIMBING,E004.0,0,,,,,RED
E005,DANCING,E005.0,0,,,,,RED
E006,ROLLER SKATING (INLINE) AND SKATEBOARDING,E006.0,0,,,,,RED
E007,AMERICAN TACKLE FOOTBALL,E007.0,0,,,,,RED
E008,BOXING,E008.0,0,,,,,RED
E009,EXERCISE MACHINES PRIMARILY FOR CARDIORESPIRATORY CONDITIONING,E009.0,0,,,,,RED
E010,EXERCISE MACHINES PRIMARILY FOR MUSCLE STRENGTHENING,E010.0,0,,,,,RED
E011,COMPUTER KEYBOARDING,E011.0,0,,,,,RED
E012,KNITTING AND CROCHETING,E012.0,0,,,,,RED
E013,PERSONAL BATHING AND SHOWERING,E013.0,0,,,,,RED
E014,CAREGIVING INVOLVING BATHING,E014.0,0,,,,,RED
E015,FOOD PREPARATION AND CLEANUP,E015.0,0,,,,,RED
E016,DIGGING RAKING AND SHOVELING,E016.0,0,,,,,RED
E017,ROLLER COASTER RIDING,E017.0,0,,,,,RED
E018,PIANO PLAYING,E018.0,0,,,,,RED
E019,WALKING AN ANIMAL,E019.0,0,,,,,RED
E029,REFEREEING A SPORTS ACTIVITY,E029.0,0,,,,,RED
E030,UNSPECIFIED ACTIVITY,E030,0,,,,,RED
E800,RAILWAY ACCIDENT INVOLVING COLLISION WITH ROLLING STOCK,E800,0,,,,,RED
E801,RAILWAY ACCIDENT INVOLVING COLLISION WITH OTHER OBJECT,E801,0,,,,,RED
E802,RAILWAY ACCIDENT INVOLVING DERAILMENT WITHOUT ANTECEDENT COLLISION,E802,0,,,,,RED
E803,RAILWAY ACCIDENT INVOLVING EXPLOSION FIRE OR BURNING,E803,0,,,,,RED
E804,FALL IN ON OR FROM RAILWAY TRAIN INJURING PASSENGER ON RAILWAY,E804.1,0,,,,,RED
E805,RAILWAY EMPLOYEE HIT BY ROLLING STOCK,E805.0,0,,,,,RED
E806,OTHER SPECIFIED RAILWAY ACCIDENT INJURING RAILWAY EMPLOYEE,E806.0,0,,,,,RED
E807,RAILWAY ACCIDENT OF UNSPECIFIED NATURE INJURING RAILWAY EMPLOYEE,E807.0,0,,,,,RED
E810,MOTOR VEHICLE TRAFFIC ACCIDENT INVOLVING COLLISION WITH TRAIN,E810,0,,,,,RED
E811,MOTOR VEHICLE TRAFFIC ACCIDENT INVOLVING RE-ENTRANT COLLISION WITH ANOTHER MOTOR VEHICLE INJURING DRIVER OF MOTOR VEHICLE OTHER THAN MOTORCYCLE,E811.0,0,,,,,RED
E812,OTHER MOTOR VEHICLE TRAFFIC ACCIDENT INVOLVING COLLISION WITH MOTOR VEHICLE,E812,0,,,,,RED
E813,MOTOR VEHICLE TRAFFIC ACCIDENT INVOLVING COLLISION WITH OTHER VEHICLE,E813,0,,,,,RED
E814,MOTOR VEHICLE TRAFFIC ACCIDENT INVOLVING COLLISION WITH PEDESTRIAN,E814,0,,,,,RED
E815,OTHER MOTOR VEHICLE TRAFFIC ACCIDENT INVOLVING COLLISION ON THE HIGHWAY INJURING DRIVER OF MOTOR VEHICLE OTHER THAN MOTORCYCLE,E815.0,0,,,,,RED
E816,MOTOR VEHICLE TRAFFIC ACCIDENT DUE TO LOSS OF CONTROL WITHOUT COLLISION ON THE HIGHWAY,E816,0,,,,,RED
E817,NONCOLLISION MOTOR VEHICLE TRAFFIC ACCIDENT WHILE BOARDING OR ALIGHTING INJURING PASSENGER IN MOTOR VEHICLE OTHER THAN MOTORCYCLE,E817.1,0,,,,,RED
E818,OTHER NONCOLLISION MOTOR VEHICLE TRAFFIC ACCIDENT,E818,0,,,,,RED
E819,MOTOR VEHICLE TRAFFIC ACCIDENT OF UNSPECIFIED NATURE,E819,0,,,,,RED
E820,NONTRAFFIC ACCIDENT INVOLVING MOTOR-DRIVEN SNOW VEHICLE,E820,0,,,,,RED
E821,NONTRAFFIC ACCIDENT INVOLVING OTHER OFF-ROAD MOTOR VEHICLE,E821,0,,,,,RED
E822,OTHER MOTOR VEHICLE NONTRAFFIC ACCIDENT INVOLVING COLLISION WITH MOVING OBJECT,E822,0,,,,,RED
E823,OTHER MOTOR VEHICLE NONTRAFFIC ACCIDENT INVOLVING COLLISION WITH STATIONARY OBJECT INJURING DRIVER OF MOTOR VEHICLE OTHER THAN MOTORCYCLE,E823.0,0,,,,,RED
E824,OTHER MOTOR VEHICLE NONTRAFFIC ACCIDENT WHILE BOARDING AND ALIGHTING INJURING DRIVER OF MOTOR VEHICLE OTHER THAN MOTORCYCLE,E824.0,0,,,,,RED
E825,OTHER MOTOR VEHICLE NONTRAFFIC ACCIDENT OF OTHER AND UNSPECIFIED NATURE INJURING DRIVER OF MOTOR VEHICLE OTHER THAN MOTORCYCLE,E825.0,0,,,,,RED
E826,PEDAL CYCLE ACCIDENT,E826,0,,,,,RED
E827,ANIMAL-DRAWN VEHICLE ACCIDENT INJURING OCCUPANT OF ANIMAL DRAWN VEHICLE,E827.3,0,,,,,RED
E828,ACCIDENT INVOLVING ANIMAL BEING RIDDEN,E828,0,,,,,RED
E829,OTHER ROAD VEHICLE ACCIDENTS INJURING PEDESTRIAN,E829.0,0,,,,,RED
E830,ACCIDENT TO WATERCRAFT CAUSING SUBMERSION INJURING OCCUPANT OF MILITARY WATERCRAFT ANY TYPE,E830.7,0,,,,,RED
E831,ACCIDENT TO WATERCRAFT CAUSING OTHER INJURY TO OCCUPANT OF SMALL BOAT POWERED,E831.1,0,,,,,RED
E832,OTHER ACCIDENTAL SUBMERSION OR DROWNING IN WATER TRANSPORT ACCIDENT INJURING OCCUPANT OF MILITARY WATERCRAFT ANY TYPE,E832.7,0,,,,,RED
E833,FALL ON STAIRS OR LADDERS IN WATER TRANSPORT INJURING OCCUPANT OF MILITARY WATERCRAFT ANY TYPE,E833.7,0,,,,,RED
E834,OTHER FALL FROM ONE LEVEL TO ANOTHER IN WATER TRANSPORT INJURING OCCUPANT OF MILITARY WATERCRAFT ANY TYPE,E834.7,0,,,,,RED
E835,OTHER AND UNSPECIFIED FALL IN WATER TRANSPORT INJURING OCCUPANT OF OTHER WATERCRAFT CREW,E835.2,0,,,,,RED
E836,MACHINERY ACCIDENT IN WATER TRANSPORT INJURING OCCUPANT OF MILITARY WATERCRAFT ANY TYPE,E836.7,0,,,,,RED
E837,EXPLOSION FIRE OR BURNING IN WATERCRAFT INJURING OCCUPANT OF MILITARY WATERCRAFT ANY TYPE,E837.7,0,,,,,RED
E838,OTHER AND UNSPECIFIED WATER TRANSPORT ACCIDENT INJURING OCCUPANT OF SMALL BOAT UNPOWERED,E838.0,0,,,,,RED
E840,ACCIDENT TO POWERED AIRCRAFT AT TAKEOFF OR LANDING,E840,0,,,,,RED
E841,ACCIDENT TO POWERED AIRCRAFT OTHER AND UNSPECIFIED INJURING OCCUPANT OF OTHER POWERED AIRCRAFT,E841.5,0,,,,,RED
E842,ACCIDENT TO UNPOWERED AIRCRAFT INJURING OCCUPANT OF UNPOWERED AIRCRAFT EXCEPT PARACHUTIST,E842.6,0,,,,,RED
E843,FALL IN ON OR FROM AIRCRAFT INJURING PARACHUTIST (MILITARY) (OTHER),E843.7,0,,,,,RED
E844,OTHER SPECIFIED AIR TRANSPORT ACCIDENTS INJURING OCCUPANT OF SPACECRAFT,E844.0,0,,,,,RED
E845,ACCIDENT INVOLVING SPACECRAFT,E845,0,,,,,RED
E846,ACCIDENTS INVOLVING POWERED VEHICLES USED SOLELY WITHIN THE BUILDINGS AND PREMISES OF INDUSTRIAL OR COMMERCIAL ESTABLISHMENT,E846,0,,,,,RED
E847,ACCIDENTS INVOLVING CABLE CARS NOT RUNNING ON RAILS,E847,0,,,,,RED
E848,ACCIDENTS INVOLVING OTHER VEHICLES NOT ELSEWHERE CLASSIFIABLE,E848,0,,,,,RED
E849,PLACE OF OCCURRENCE,E849,0,,,,,RED
E850,ACCIDENTAL POISONING BY HEROIN,E850.0,0,,,,,RED
E851,ACCIDENTAL POISONING BY BARBITURATES,E851,0,,,,,RED
E852,ACCIDENTAL POISONING BY OTHER SPECIFIED SEDATIVES AND HYPNOTICS,E852.8,0,,,,,RED
E853,ACCIDENTAL POISONING BY PHENOTHIAZINE-BASED TRANQUILIZERS,E853.0,0,,,,,RED
E854,ACCIDENTAL POISONING BY ANTIDEPRESSANTS,E854.0,0,,,,,RED
E855,ACCIDENTAL POISONING BY ANTICONVULSANT AND ANTI-PARKINSONISM DRUGS,E855.0,0,,,,,RED
E856,ACCIDENTAL POISONING BY ANTIBIOTICS,E856,0,,,,,RED
E857,ACCIDENTAL POISONING BY OTHER ANTI-INFECTIVES,E857,0,,,,,RED
E858,ACCIDENTAL POISONING BY HORMONES AND SYNTHETIC SUBSTITUTES,E858.0,0,,,,,RED
E860,ACCIDENTAL POISONING BY ALCOHOLIC BEVERAGES,E860.0,0,,,,,RED
E861,ACCIDENTAL POISONING BY SYNTHETIC DETERGENTS AND SHAMPOOS,E861.0,0,,,,,RED
E862,ACCIDENTAL POISONING BY PETROLEUM FUELS AND CLEANERS,E862.1,0,,,,,RED
E863,ACCIDENTAL POISONING BY OTHER AND UNSPECIFIED INSECTICIDES,E863.4,0,,,,,RED
E864,ACCIDENTAL POISONING BY ACIDS NOT ELSEWHERE CLASSIFIED,E864.1,0,,,,,RED
E865,ACCIDENTAL POISONING BY SHELLFISH,E865.1,0,,,,,RED
E866,ACCIDENTAL POISONING BY MERCURY AND ITS COMPOUNDS AND FUMES,E866.1,0,,,,,RED
E867,ACCIDENTAL POISONING BY GAS DISTRIBUTED BY PIPELINE,E867,0,,,,,RED
E868,ACCIDENTAL POISONING BY LIQUEFIED PETROLEUM GAS DISTRIBUTED IN MOBILE CONTAINERS,E868.0,0,,,,,RED
E869,SECOND HAND TOBACCO SMOKE,E869.4,0,,,,,RED
E870,ACCIDENTAL CUT PUNCTURE PERFORATION OR HEMORRHAGE DURING OTHER SPECIFIED MEDICAL CARE,E870.8,0,,,,,RED
E871,FOREIGN OBJECT LEFT IN BODY DURING UNSPECIFIED PROCEDURE,E871.9,0,,,,,RED
E872,FAILURE OF STERILE PRECAUTIONS DURING INJECTION OR VACCINATION,E872.3,0,,,,,RED
E873,FAILURE IN DOSAGE,E873,0,,,,,RED
E874,MECHANICAL FAILURE OF INSTRUMENT OR APPARATUS DURING PROCEDURE,E874,0,,,,,RED
E875,MISADVENTURE TO PATIENT FROM UNSPECIFIED CONTAMINATION,E875.9,0,,,,,RED
E876,PERFORMANCE OF WRONG OPERATION (PROCEDURE) ON CORRECT PATIENT,E876.5,0,,,,,RED
E878,SURGICAL OPERATION WITH TRANSPLANT OF WHOLE ORGAN CAUSING ABNORMAL PATIENT REACTION OR LATER COMPLICATION WITHOUT MISADVENTURE AT TIME OF OPERATION,E878.0,0,,,,,RED
E879,CARDIAC CATHETERIZATION AS THE CAUSE OF ABNORMAL REACTION OF PATIENT OR OF LATER COMPLICATION WITHOUT MISADVENTURE AT TIME OF PROCEDURE,E879.0,0,,,,,RED
E880,ACCIDENTAL FALL ON OR FROM ESCALATOR,E880.0,0,,,,,RED
E881,ACCIDENTAL FALL ON OR FROM LADDERS OR SCAFFOLDING,E881,0,,,,,RED
E882,ACCIDENTAL FALL FROM OR OUT OF BUILDING OR OTHER STRUCTURE,E882,0,,,,,RED
E883,ACCIDENT FROM DIVING OR JUMPING INTO WATER (SWIMMING POOL),E883.0,0,,,,,RED
E884,OTHER ACCIDENTAL FALLS FROM ONE LEVEL TO ANOTHER,E884,0,,,,,RED
E885,ACCIDENTAL FALL ON SAME LEVEL FROM SLIPPING TRIPPING OR STUMBLING,E885,0,,,,,RED
E886,ACCIDENTAL FALL ON SAME LEVEL FROM COLLISION PUSHING OR SHOVING BY OR WITH OTHER PERSON IN SPORTS,E886.0,0,,,,,RED
E887,FRACTURE CAUSE UNSPECIFIED,E887,0,,,,,RED
E888,OTHER AND UNSPECIFIED FALL,E888,0,,,,,RED
E890,EXPLOSION CAUSED BY CONFLAGRATION IN PRIVATE DWELLING,E890.0,0,,,,,RED
E891,UNSPECIFIED ACCIDENT RESULTING FROM CONFLAGRATION OF OTHER AND UNSPECIFIED BUILDING OR STRUCTURE,E891.9,0,,,,,RED
E892,CONFLAGRATION NOT IN BUILDING OR STRUCTURE,E892,0,,,,,RED
E893,ACCIDENT CAUSED BY IGNITION OF CLOTHING FROM CONTROLLED FIRE IN OTHER BUILDING OR STRUCTURE,E893.1,0,,,,,RED
E894,IGNITION OF HIGHLY INFLAMMABLE MATERIAL,E894,0,,,,,RED
E895,ACCIDENT CAUSED BY CONTROLLED FIRE IN PRIVATE DWELLING,E895,0,,,,,RED
E896,ACCIDENT CAUSED BY CONTROLLED FIRE IN OTHER AND UNSPECIFIED BUILDING OR STRUCTURE,E896,0,,,,,RED
E897,ACCIDENT CAUSED BY CONTROLLED FIRE NOT IN BUILDING OR STRUCTURE,E897,0,,,,,RED
E898,ACCIDENT CAUSED BY OTHER BURNING MATERIALS,E898.1,0,,,,,RED
E899,ACCIDENT CAUSED BY UNSPECIFIED FIRE,E899,0,,,,,RED
E900,ACCIDENT CAUSED BY EXCESSIVE HEAT DUE TO WEATHER CONDITIONS,E900.0,0,,,,,RED
E901,ACCIDENT DUE TO EXCESSIVE COLD DUE TO WEATHER CONDITIONS,E901.0,0,,,,,RED
E902,ACCIDENT DUE TO CHANGES IN AIR PRESSURE DUE TO OTHER SPECIFIED CAUSES,E902.8,0,,,,,RED
E903,ACCIDENT CAUSED BY TRAVEL AND MOTION,E903,0,,,,,RED
E904,ACCIDENT DUE TO LACK OF WATER,E904.2,0,,,,,RED
E905,VENOMOUS SNAKES AND LIZARDS CAUSING POISONING AND TOXIC REACTIONS,E905.0,0,,,,,RED
E906,OTHER INJURY CAUSED BY ANIMALS,E906,0,,,,,RED
E907,ACCIDENT DUE TO LIGHTNING,E907,0,,,,,RED
E908,ACCIDENT DUE TO CATACLYSMIC STORMS AND FLOODS RESULTING FROM STORMS,E908,0,,,,,RED
E909,ACCIDENT DUE TO CATACLYSMIC EARTH SURFACE MOVEMENTS AND ERUPTIONS,E909,0,,,,,RED
E910,ACCIDENTAL DROWNING AND SUBMERSION WHILE ENGAGED IN OTHER SPORT OR RECREATIONAL ACTIVITY WITHOUT DIVING EQUIPMENT,E910.2,0,,,,,RED
E911,INHALATION AND INGESTION OF FOOD CAUSING OBSTRUCTION OF RESPIRATORY TRACT OR SUFFOCATION,E911,0,,,,,RED
E912,INHALATION AND INGESTION OF OTHER OBJECT CAUSING OBSTRUCTION OF RESPIRATORY TRACT OR SUFFOCATION,E912,0,,,,,RED
E913,ACCIDENTAL MECHANICAL SUFFOCATION,E913,0,,,,,RED
E914,FOREIGN BODY ACCIDENTALLY ENTERING EYE AND ADNEXA,E914,0,,,,,RED
E915,FOREIGN BODY ACCIDENTALLY ENTERING OTHER ORIFICE,E915,0,,,,,RED
E916,STRUCK ACCIDENTALLY BY FALLING OBJECT,E916,0,,,,,RED
E917,STRIKING AGAINST OR STRUCK ACCIDENTALLY BY OBJECTS OR PERSONS,E917,0,,,,,RED
E918,CAUGHT ACCIDENTALLY IN OR BETWEEN OBJECTS,E918,0,,,,,RED
E919,ACCIDENTS CAUSED BY AGRICULTURAL MACHINES,E919.0,0,,,,,RED
E920,ACCIDENTS CAUSED BY CUTTING AND PIERCING INSTRUMENTS OR OBJECTS,E920,0,,,,,RED
E921,ACCIDENT CAUSED BY EXPLOSION OF BOILERS,E921.0,0,,,,,RED
E922,ACCIDENT CAUSED BY FIREARM AND AIR GUN MISSILE,E922,0,,,,,RED
E923,ACCIDENT CAUSED BY FIREWORKS,E923.0,0,,,,,RED
E924,ACCIDENT CAUSED BY HOT LIQUIDS AND VAPORS INCLUDING STEAM,E924.0,0,,,,,RED
E925,ACCIDENT CAUSED BY ELECTRIC CURRENT IN ELECTRIC POWER GENERATING PLANTS DISTRIBUTION STATIONS TRANSMISSION LINES,E925.1,0,,,,,RED
E926,EXPOSURE TO RADIOFREQUENCY RADIATION,E926.0,0,,,,,RED
E927,OVEREXERTION AND STRENUOUS AND REPETITIVE MOVEMENTS OR LOADS,E927,0,,,,,RED
E928,OTHER AND UNSPECIFIED ENVIRONMENTAL AND ACCIDENTAL CAUSES,E928,0,,,,,RED
E929,LATE EFFECTS OF ACCIDENTAL INJURY,E929,0,,,,,RED
E930,PENICILLINS CAUSING ADVERSE EFFECTS IN THERAPEUTIC USE,E930.0,0,,,,,RED
E931,SULFONAMIDES CAUSING ADVERSE EFFECTS IN THERAPEUTIC USE,E931.0,0,,,,,RED
E932,HORMONES AND SYNTHETIC SUBSTITUTES CAUSING ADVERSE EFFECTS IN THERAPEUTIC USE,E932,0,,,,,RED
E933,ANTIALLERGIC AND ANTIEMETIC DRUGS CAUSING ADVERSE EFFECTS IN THERAPEUTIC USE,E933.0,0,,,,,RED
E934,LIVER PREPARATIONS AND OTHER ANTIANEMIC AGENTS CAUSING ADVERSE EFFECTS IN THERAPEUTIC USE,E934.1,0,,,,,RED
E935,METHADONE CAUSING AVERSE EFFECTS IN THERAPEUTIC USE,E935.1,0,,,,,RED
E936,HYDANTOIN DERIVATIVES CAUSING ADVERSE EFFECTS IN THERAPEUTIC USE,E936.1,0,,,,,RED
E937,SEDATIVES AND HYPNOTICS CAUSING ADVERSE EFFECTS IN THERAPEUTIC USE,E937,0,,,,,RED
E938,CENTRAL NERVOUS SYSTEM MUSCLE-TONE DEPRESSANTS CAUSING ADVERSE EFFECTS IN THERAPEUTIC USE,E938.0,0,,,,,RED
E939,ANTIDEPRESSANTS CAUSING ADVERSE EFFECTS IN THERAPEUTIC USE,E939.0,0,,,,,RED
E940,CENTRAL NERVOUS SYSTEM STIMULANTS CAUSING ADVERSE EFFECTS IN THERAPEUTIC USE,E940,0,,,,,RED
E941,PARASYMPATHOLYTICS (ANTICHOLINERGICS AND ANTIMUSCARINICS) AND SPASMOLYTICS CAUSING ADVERSE EFFECTS IN THERAPEUTIC USE,E941.1,0,,,,,RED
E942,CARDIAC RHYTHM REGULATORS CAUSING ADVERSE EFFECTS IN THERAPEUTIC USE,E942.0,0,,,,,RED
E943,OTHER SPECIFIED AGENTS PRIMARILY AFFECTING THE GASTRO-INTESTINAL SYSTEM CAUSING ADVERSE EFFECTS IN THERAPEUTIC USE,E943.8,0,,,,,RED
E944,PURINE DERIVATIVE DIURETICS CAUSING ADVERSE EFFECTS IN THERAPEUTIC USE,E944.1,0,,,,,RED
E945,SMOOTH MUSCLE RELAXANTS CAUSING ADVERSE EFFECTS IN THERAPEUTIC USE,E945.1,0,,,,,RED
E946,LOCAL ANTI-INFECTIVES AND ANTI-INFLAMMATORY DRUGS CAUSING ADVERSE EFFECTS IN THERAPEUTIC USE,E946.0,0,,,,,RED
E947,DIETETICS CAUSING ADVERSE EFFECTS IN THERAPEUTIC USE,E947.0,0,,,,,RED
E948,TETANUS VACCINE CAUSING ADVERSE EFFECTS IN THERAPEUTIC USE,E948.4,0,,,,,RED
E949,YELLOW FEVER VACCINE CAUSING ADVERSE EFFECTS IN THERAPEUTIC USE,E949.3,0,,,,,RED
E950,SUICIDE AND SELF-INFLICTED POISONING BY ANALGESICS ANTIPYRETICS AND ANTIRHEUMATICS,E950.0,0,,,,,RED
E951,SUICIDE AND SELF-INFLICTED POISONING BY GASES IN DOMESTIC USE,E951,0,,,,,RED
E952,SUICIDE AND SELF-INFLICTED POISONING BY OTHER CARBON MONOXIDE,E952.1,0,,,,,RED
E953,SUICIDE AND SELF-INFLICTED INJURY BY HANGING STRANGULATION AND SUFFOCATION,E953,0,,,,,RED
E954,SUICIDE AND SELF-INFLICTED INJURY BY SUBMERSION (DROWNING),E954,0,,,,,RED
E955,SUICIDE AND SELF-INFLICTED INJURY BY OTHER AND UNSPECIFIED FIREARM,E955.4,0,,,,,RED
E956,SUICIDE AND SELF-INFLICTED INJURY BY CUTTING AND PIERCING INSTRUMENT,E956,0,,,,,RED
E957,SUICIDE AND SELF-INFLICTED INJURIES BY JUMPING FROM HIGH PLACE,E957,0,,,,,RED
E958,SUICIDE AND SELF-INFLICTED INJURY BY CRASHING OF MOTOR VEHICLE,E958.5,0,,,,,RED
E959,LATE EFFECTS OF SELF-INFLICTED INJURY,E959,0,,,,,RED
E960,FIGHT BRAWL RAPE,E960,0,,,,,RED
E961,ASSAULT BY CORROSIVE OR CAUSTIC SUBSTANCE EXCEPT POISONING,E961,0,,,,,RED
E962,ASSAULT BY POISONING,E962,0,,,,,RED
E963,ASSAULT BY HANGING AND STRANGULATION,E963,0,,,,,RED
E964,ASSAULT BY SUBMERSION (DROWNING),E964,0,,,,,RED
E965,ASSAULT BY HANDGUN,E965.0,0,,,,,RED
E966,ASSAULT BY CUTTING AND PIERCING INSTRUMENT,E966,0,,,,,RED
E967,PERPETRATOR OF CHILD AND ADULT ABUSE BY FATHER STEPFATHER OR BOYFRIEND,E967.0,0,,,,,RED
E968,ASSAULT BY STRIKING BY BLUNT OR THROWN OBJECT,E968.2,0,,,,,RED
E969,LATE EFFECTS OF INJURY PURPOSELY INFLICTED BY OTHER PERSON,E969,0,,,,,RED
E970,INJURY DUE TO LEGAL INTERVENTION BY FIREARMS,E970,0,,,,,RED
E971,INJURY DUE TO LEGAL INTERVENTION BY EXPLOSIVES,E971,0,,,,,RED
E972,INJURY DUE TO LEGAL INTERVENTION BY GAS,E972,0,,,,,RED
E973,INJURY DUE TO LEGAL INTERVENTION BY BLUNT OBJECT,E973,0,,,,,RED
E974,INJURY DUE TO LEGAL INTERVENTION BY CUTTING AND PIERCING INSTRUMENT,E974,0,,,,,RED
E975,INJURY DUE TO LEGAL INTERVENTION BY OTHER SPECIFIED MEANS,E975,0,,,,,RED
E976,INJURY DUE TO LEGAL INTERVENTION BY UNSPECIFIED MEANS,E976,0,,,,,RED
E977,LATE EFFECTS OF INJURIES DUE TO LEGAL INTERVENTION,E977,0,,,,,RED
E978,LEGAL EXECUTION,E978,0,,,,,RED
E979,TERRORISM,E979,0,,,,,RED
E980,POISONING BY SOLID OR LIQUID SUBSTANCES UNDETERMINED WHETHER ACCIDENTALLY OR PURPOSELY INFLICTED,E980,0,,,,,RED
E981,POISONING BY GAS DISTRIBUTED BY PIPELINE UNDETERMINED WHETHER ACCIDENTALLY OR PURPOSELY INFLICTED,E981.0,0,,,,,RED
E982,POISONING BY MOTOR VEHICLE EXHAUST GAS UNDETERMINED WHETHER ACCIDENTALLY OR PURPOSELY INFLICTED,E982.0,0,,,,,RED
E983,HANGING STRANGULATION OR SUFFOCATION UNDETERMINED WHETHER ACCIDENTALLY OR PURPOSELY INFLICTED,E983,0,,,,,RED
E984,SUBMERSION (DROWNING) UNDETERMINED WHETHER ACCIDENTALLY OR PURPOSELY INFLICTED,E984,0,,,,,RED
E985,INJURY BY HANDGUN UNDETERMINED WHETHER ACCIDENTALLY OR PURPOSELY INFLICTED,E985.0,0,,,,,RED
E986,INJURY BY CUTTING AND PIERCING INSTRUMENTS UNDETERMINED WHETHER ACCIDENTALLY OR PURPOSELY INFLICTED,E986,0,,,,,RED
E987,FALLING FROM UNSPECIFIED SITE UNDETERMINED WHETHER ACCIDENTALLY OR PURPOSELY INFLICTED,E987.9,0,,,,,RED
E988,INJURY BY ELECTROCUTION UNDETERMINED WHETHER ACCIDENTALLY OR PURPOSELY INFLICTED,E988.4,0,,,,,RED
E989,LATE EFFECTS OF INJURY UNDETERMINED WHETHER ACCIDENTALLY OR PURPOSELY INFLICTED,E989,0,,,,,RED
E990,INJURY DUE TO WAR OPERATIONS BY FIRES AND CONFLAGRATIONS,E990,0,,,,,RED
E991,INJURY DUE TO WAR OPERATIONS FROM FRAGMENTS FROM MUNITIONS,E991.4,0,,,,,RED
E992,INJURY DUE TO WAR OPERATIONS BY EXPLOSION OF TORPEDO,E992.0,0,,,,,RED
E993,INJURY DUE TO WAR OPERATIONS BY AERIAL BOMB,E993.0,0,,,,,RED
E994,INJURY DUE TO WAR OPERATIONS BY DESTRUCTION OF AIRCRAFT DUE TO ENEMY FIRE OR EXPLOSIVES,E994.0,0,,,,,RED
E995,INJURY DUE TO WAR OPERATIONS BY HAND-TO-HAND COMBAT,E995.0,0,,,,,RED
E996,INJURY DUE TO WAR OPERATIONS BY DIRECT BLAST OF NUCLEAR WEAPON,E996.0,0,,,,,RED
E997,INJURY DUE TO WAR OPERATIONS BY WEAPON OF MASS DESTRUCTION [WMD] UNSPECIFIED,E997.3,0,,,,,RED
E998,INJURY DUE TO WAR OPERATIONS BUT OCCURRING AFTER CESSATION OF HOSTILITIES BY EXPLOSION OF MINES,E998.0,0,,,,,RED
E999,LATE EFFECT OF INJURY DUE TO WAR OPERATIONS AND TERRORISM,E999,0,,,,,RED
V01,CONTACT WITH OR EXPOSURE TO COMMUNICABLE DISEASES,V01,0,,,,,RED
V02,CARRIER OR SUSPECTED CARRIER OF INFECTIOUS DISEASES,V02,0,,,,,RED
V03,NEED FOR PROPHYLACTIC VACCINATION AND INOCULATION AGAINST BACTERIAL DISEASES,V03,0,,,,,RED
V04,NEED FOR PROPHYLACTIC VACCINATION AND INOCULATION AGAINST CERTAIN VIRAL DISEASES,V04,0,,,,,RED
V05,NEED FOR OTHER PROPHYLACTIC VACCINATION AND INOCULATION AGAINST SINGLE DISEASES,V05,0,,,,,RED
V06,NEED FOR PROPHYLACTIC VACCINATION AND INOCULATION AGAINST COMBINATIONS OF DISEASES,V06,0,,,,,RED
V07,NEED FOR ISOLATION AND OTHER PROPHYLACTIC OR TREATMENT MEASURES,V07,0,,,,,RED
V08,ASYMPTOMATIC HUMAN IMMUNODEFICIENCY VIRUS (HIV) INFECTION STATUS,V08,0,,,,,RED
V09,INFECTION WITH MICROORGANISMS RESISTANT TO PENICILLINS,V09.0,0,,,,,RED
V10,PERSONAL HISTORY OF MALIGNANT NEOPLASM,V10,0,,,,,RED
V11,PERSONAL HISTORY OF MENTAL DISORDER,V11,0,,,,,RED
V12,PERSONAL HISTORY OF CERTAIN OTHER DISEASES,V12,0,,,,,RED
V13,PERSONAL HISTORY OF OTHER DISEASES,V13,0,,,,,RED
V14,PERSONAL HISTORY OF ALLERGY TO MEDICINAL AGENTS,V14,0,,,,,RED
V15,OTHER PERSONAL HISTORY PRESENTING HAZARDS TO HEALTH,V15,0,,,,,RED
V16,FAMILY HISTORY OF MALIGNANT NEOPLASM,V16,0,,,,,RED
V17,FAMILY HISTORY OF CERTAIN CHRONIC DISABLING DISEASES,V17,0,,,,,RED
V18,FAMILY HISTORY OF CERTAIN OTHER SPECIFIC CONDITIONS,V18,0,,,,,RED
V19,FAMILY HISTORY OF BLINDNESS OR VISUAL LOSS,V19.0,0,,,,,RED
V20,HEALTH SUPERVISION OF INFANT OR CHILD,V20,0,,,,,RED
V21,PERIOD OF RAPID GROWTH IN CHILDHOOD,V21.0,0,,,,,RED
V22,NORMAL PREGNANCY,V22,0,,,,,RED
V23,SUPERVISION OF HIGH-RISK PREGNANCY,V23,0,,,,,RED
V24,POSTPARTUM CARE AND EXAMINATION,V24,0,,,,,RED
V25,ENCOUNTER FOR CONTRACEPTIVE MANAGEMENT,V25,0,,,,,RED
V26,PROCREATIVE MANAGEMENT,V26,0,,,,,RED
V27,MOTHER WITH SINGLE LIVEBORN,V27.0,0,,,,,RED
V28,ENCOUNTER FOR ANTENATAL SCREENING OF MOTHER,V28,0,,,,,RED
V29,OBSERVATION FOR SUSPECTED INFECTIOUS CONDITION,V29.0,0,,,,,RED
V30,SINGLE LIVEBORN,V30,0,,,,,RED
V31,TWIN BIRTH MATE LIVEBORN,V31,0,,,,,RED
V32,TWIN BIRTH MATE STILLBORN BORN IN HOSPITAL,V32.0,0,,,,,RED
V33,TWIN BIRTH UNSPECIFIED WHETHER MATE LIVEBORN OR STILLBORN BORN IN HOSPITAL,V33.0,0,,,,,RED
V34,OTHER MULTIPLE BIRTH (THREE OR MORE) MATES ALL LIVEBORN,V34,0,,,,,RED
V35,OTHER MULTIPLE BIRTH (THREE OR MORE) MATES ALL STILL BORN IN HOSPITAL DELIVERED WITHOUT CESAREAN SECTION,V35.00,0,,,,,RED
V36,OTHER MULTIPLE BIRTH (THREE OR MORE) MATES LIVEBORN AND STILLBORN,V36,0,,,,,RED
V37,OTHER MULTIPLE BIRTH (THREE OR MORE) UNSPECIFIED WHETHER MATES LIVEBORN OR STILLBORN BORN IN HOSPITAL,V37.0,0,,,,,RED
V39,LIVEBORN UNSPECIFIED WHETHER SINGLE TWIN OR MULTIPLE,V39,0,,,,,RED
V40,MENTAL AND BEHAVIORAL PROBLEMS,V40,0,,,,,RED
V41,PROBLEMS WITH SPECIAL SENSES AND OTHER SPECIAL FUNCTIONS,V41,0,,,,,RED
V42,ORGAN OR TISSUE REPLACED BY TRANSPLANT,V42,0,,,,,RED
V43,ORGAN OR TISSUE REPLACED BY OTHER MEANS,V43,0,,,,,RED
V44,TRACHEOSTOMY STATUS,V44.0,0,,,,,RED
V45,OTHER POSTPROCEDURAL STATES,V45,0,,,,,RED
V46,OTHER DEPENDENCE ON MACHINES AND DEVICES,V46,0,,,,,RED
V47,DEFICIENCIES OF INTERNAL ORGANS,V47.0,0,,,,,RED
V48,PROBLEMS WITH HEAD NECK AND TRUNK,V48,0,,,,,RED
V49,DEFICIENCIES OF LIMBS,V49.0,0,,,,,RED
V50,ELECTIVE SURGERY FOR PURPOSES OTHER THAN REMEDYING HEALTH STATES,V50,0,,,,,RED
V51,AFTERCARE INVOLVING THE USE OF PLASTIC SURGERY,V51,0,,,,,RED
V52,FITTING AND ADJUSTMENT OF ARTIFICIAL LEG (COMPLETE) (PARTIAL),V52.1,0,,,,,RED
V53,FITTING AND ADJUSTMENT OF CEREBRAL VENTRICULAR (COMMUNICATING) SHUNT,V53.01,0,,,,,RED
V54,OTHER ORTHOPEDIC AFTERCARE,V54,0,,,,,RED
V55,ATTENTION TO ARTIFICIAL OPENINGS,V55,0,,,,,RED
V56,AFTERCARE INVOLVING EXTRACORPOREAL DIALYSIS,V56.0,0,,,,,RED
V57,CARE INVOLVING USE OF REHABILITATION PROCEDURES,V57,0,,,,,RED
V58,ENCOUNTER FOR OTHER AND UNSPECIFIED PROCEDURES AND AFTERCARE,V58,0,,,,,RED
V59,DONORS,V59,0,,,,,RED
V60,HOUSING HOUSEHOLD AND ECONOMIC CIRCUMSTANCES,V60,0,,,,,RED
V61,OTHER FAMILY CIRCUMSTANCES,V61,0,,,,,RED
V62,OTHER PSYCHOSOCIAL CIRCUMSTANCES,V62,0,,,,,RED
V63,RESIDENCE REMOTE FROM HOSPITAL OR OTHER HEALTH CARE FACILITY,V63.0,0,,,,,RED
V64,VACCINATION NOT CARRIED OUT,V64.0,0,,,,,RED
V65,OTHER PERSONS SEEKING CONSULTATION,V65,0,,,,,RED
V66,CONVALESCENCE FOLLOWING SURGERY,V66.0,0,,,,,RED
V67,FOLLOW-UP EXAMINATION,V67,0,,,,,RED
V68,ENCOUNTERS FOR ADMINISTRATIVE PURPOSES,V68,0,,,,,RED
V69,LACK OF PHYSICAL EXERCISE,V69.0,0,,,,,RED
V70,GENERAL MEDICAL EXAMINATION,V70,0,,,,,RED
V71,OBSERVATION AND EVALUATION FOR SUSPECTED CONDITIONS NOT FOUND,V71,0,,,,,RED
V72,SPECIAL INVESTIGATIONS AND EXAMINATIONS,V72,0,,,,,RED
V73,SPECIAL SCREENING EXAMINATION FOR VIRAL AND CHLAMYDIAL DISEASES,V73,0,,,,,RED
V74,SPECIAL SCREENING EXAMINATION FOR BACTERIAL AND SPIROCHETAL DISEASES,V74,0,,,,,RED
V75,SPECIAL SCREENING EXAMINATION FOR OTHER INFECTIOUS DISEASES,V75,0,,,,,RED
V76,SPECIAL SCREENING FOR MALIGNANT NEOPLASMS,V76,0,,,,,RED
V77,SPECIAL SCREENING FOR ENDOCRINE NUTRITIONAL METABOLIC AND IMMUNITY DISORDERS,V77,0,,,,,RED
V78,SCREENING FOR IRON DEFICIENCY ANEMIA,V78.0,0,,,,,RED
V79,SCREENING FOR DEPRESSION,V79.0,0,,,,,RED
V80,SPECIAL SCREENING FOR NEUROLOGICAL EYE AND EAR DISEASES,V80,0,,,,,RED
V81,SPECIAL SCREENING FOR CARDIOVASCULAR RESPIRATORY AND GENITOURINARY DISEASES,V81,0,,,,,RED
V82,SPECIAL SCREENING FOR OTHER CONDITIONS,V82,0,,,,,RED
V83,SYMPTOMATIC HEMOPHILIA A CARRIER,V83.02,0,,,,,RED
V84,GENETIC SUSCEPTIBILITY TO MALIGNANT NEOPLASM OF BREAST,V84.01,0,,,,,RED
V85,BODY MASS INDEX LESS THAN 19 ADULT,V85.0,0,,,,,RED
V86,ESTROGEN RECEPTOR POSITIVE STATUS [ER+],V86.0,0,,,,,RED
V87,OTHER SPECIFIED PERSONAL EXPOSURES AND HISTORY PRESENTING HAZARDS TO HEALTH,V87,0,,,,,RED
V88,ACQUIRED ABSENCE OF OTHER ORGANS AND TISSUE,V88,0,,,,,RED
V89,OTHER SUSPECTED CONDITIONS NOT FOUND,V89,0,,,,,RED
V90,RETAINED DEPLETED URANIUM FRAGMENTS,V90.01,0,,,,,RED
V91,TWIN GESTATION UNSPECIFIED NUMBER OF PLACENTA UNSPECIFIED NUMBER OF AMNIOTIC SACS,V91.00,0,,,,,RED
