ICD_ROOT,ICD_DESCRIPTION,REPRESENTATIVE_ICD,n,mode_los,mode_conf,HAL_0.90,feasible_levels,stoplight
41,BACTERIAL INFECTION IN CONDITIONS CLASSIFIED ELSEWHERE AND OF UNSPECIFIED SITE,41,66,2,0.7575757575757576,3,"2,3",AMBER
277,OTHER AND UNSPECIFIED DISORDERS OF METABOLISM,277,56,2,0.7857142857142857,3,"2,3",AMBER
786,SYMPTOMS INVOLVING RESPIRATORY SYSTEM AND OTHER CHEST SYMPTOMS,786,54,2,0.6296296296296297,3,"2,3",AMBER
427,CARDIAC DYSRHYTHMIAS,427,38,2,0.7894736842105263,3,"2,3",AMBER
518,OTHER DISEASES OF LUNG,518,36,2,0.7222222222222222,3,"2,3",AMBER
763,FETUS OR NEWBORN AFFECTED BY OTHER COMPLICATIONS OF LABOR AND DELIVERY,763,32,3,0.6875,3,"2,3",AMBER
771,INFECTIONS SPECIFIC TO THE PERINATAL PERIOD,771,28,2,0.7142857142857143,3,"2,3",AMBER
785,SYMPTOMS INVOLVING CARDIOVASCULAR SYSTEM,785,26,2,0.6923076923076923,3,"2,3",AMBER
487,INFLUENZA,487,8,2,0.75,3,"2,3",AMBER
711,ARTHROPATHY ASSOCIATED WITH INFECTIONS,711,222,2,1.0,2,2,GREEN
719,OTHER AND UNSPECIFIED DISORDERS OF JOINT,719,214,2,1.0,2,2,GREEN
202,OTHER MALIGNANT NEOPLASMS OF LYMPHOID AND HISTIOCYTIC TISSUE,202,202,3,0.801980198019802,3,"2,3",GREEN
718,OTHER DERANGEMENT OF JOINT,718,200,2,1.0,2,2,GREEN
716,OTHER AND UNSPECIFIED ARTHROPATHIES,716,198,2,1.0,2,2,GREEN
200,LYMPHOSARCOMA AND RETICULOSARCOMA AND OTHER SPECIFIED MALIGNANT TUMORS OF LYMPHATIC TISSUE,200,182,2,1.0,2,2,GREEN
800,FRACTURE OF VAULT OF SKULL,800,182,2,1.0,2,2,GREEN
801,FRACTURE OF BASE OF SKULL,801,182,2,1.0,2,2,GREEN
803,OTHER AND UNQUALIFIED SKULL FRACTURES,803,182,2,1.0,2,2,GREEN
804,MULTIPLE FRACTURES INVOLVING SKULL OR FACE WITH OTHER BONES,804,182,2,1.0,2,2,GREEN
851,CEREBRAL LACERATION AND CONTUSION,851,182,2,1.0,2,2,GREEN
11,PULMONARY TUBERCULOSIS,11,162,2,1.0,2,2,GREEN
17,TUBERCULOSIS OF OTHER ORGANS,17,162,2,1.0,2,2,GREEN
201,HODGKIN'S DISEASE,201,162,3,1.0,3,3,GREEN
730,OSTEOMYELITIS PERIOSTITIS AND OTHER INFECTIONS INVOLVING BONE,730,156,2,1.0,2,2,GREEN
362,OTHER RETINAL DISORDERS,362,154,2,1.0,2,2,GREEN
996,COMPLICATIONS PECULIAR TO CERTAIN SPECIFIED PROCEDURES,996,152,2,1.0,2,2,GREEN
295,SCHIZOPHRENIC DISORDERS,295,142,2,1.0,2,2,GREEN
524,DENTOFACIAL ANOMALIES INCLUDING MALOCCLUSION,524,138,2,1.0,2,2,GREEN
378,STRABISMUS AND OTHER DISORDERS OF BINOCULAR EYE MOVEMENTS,378,134,2,1.0,2,2,GREEN
941,BURN OF FACE HEAD AND NECK,941,134,2,1.0,2,2,GREEN
296,EPISODIC MOOD DISORDERS,296,132,2,1.0,2,2,GREEN
948,BURNS CLASSIFIED ACCORDING TO EXTENT OF BODY SURFACE INVOLVED,948,132,2,1.0,2,2,GREEN
15,TUBERCULOSIS OF BONES AND JOINTS,15,130,2,1.0,2,2,GREEN
379,OTHER DISORDERS OF EYE,379,130,2,1.0,2,2,GREEN
371,CORNEAL OPACITY AND OTHER DISORDERS OF CORNEA,371,122,2,1.0,2,2,GREEN
648,OTHER CURRENT CONDITIONS IN THE MOTHER CLASSIFIABLE ELSEWHERE BUT COMPLICATING PREGNANCY CHILDBIRTH OR THE PUERPERIUM,648,122,2,1.0,2,2,GREEN
944,BURN OF WRIST(S) AND HAND(S),944,122,2,1.0,2,2,GREEN
V10,PERSONAL HISTORY OF MALIGNANT NEOPLASM,V10,120,2,1.0,2,2,GREEN
654,ABNORMALITY OF ORGANS AND SOFT TISSUES OF PELVIS,654,118,2,1.0,2,2,GREEN
806,FRACTURE OF VERTEBRAL COLUMN WITH SPINAL CORD INJURY,806,118,2,1.0,2,2,GREEN
16,TUBERCULOSIS OF KIDNEY,16,114,2,1.0,2,2,GREEN
755,OTHER CONGENITAL ANOMALIES OF LIMBS,755,114,2,1.0,2,2,GREEN
372,DISORDERS OF CONJUNCTIVA,372,112,2,1.0,2,2,GREEN
712,CRYSTAL ARTHROPATHIES,712,112,2,1.0,2,2,GREEN
813,FRACTURE OF RADIUS AND ULNA,813,112,2,1.0,2,2,GREEN
642,HYPERTENSION COMPLICATING PREGNANCY CHILDBIRTH AND THE PUERPERIUM,642,110,2,1.0,2,2,GREEN
676,OTHER DISORDERS OF THE BREAST ASSOCIATED WITH CHILDBIRTH AND DISORDERS OF LACTATION,676,110,2,1.0,2,2,GREEN
852,SUBARACHNOID SUBDURAL AND EXTRADURAL HEMORRHAGE FOLLOWING INJURY,852,110,2,1.0,2,2,GREEN
943,BURN OF UPPER LIMB EXCEPT WRIST AND HAND,943,110,2,1.0,2,2,GREEN
945,BURN OF LOWER LIMB(S),945,110,2,1.0,2,2,GREEN
365,GLAUCOMA,365,106,2,1.0,2,2,GREEN
646,OTHER COMPLICATIONS OF PREGNANCY NOT ELSEWHERE CLASSIFIED,646,106,2,1.0,2,2,GREEN
743,CONGENITAL ANOMALIES OF EYE,743,106,2,1.0,2,2,GREEN
363,CHORIORETINAL INFLAMMATIONS SCARS AND OTHER DISORDERS OF CHOROID,363,104,2,1.0,2,2,GREEN
173,OTHER AND UNSPECIFIED MALIGNANT NEOPLASM OF SKIN,173,102,2,1.0,2,2,GREEN
250,DIABETES MELLITUS,250,102,2,1.0,2,2,GREEN
304,DRUG DEPENDENCE,304,102,2,1.0,2,2,GREEN
346,MIGRAINE,346,102,2,1.0,2,2,GREEN
360,DISORDERS OF THE GLOBE,360,102,2,1.0,2,2,GREEN
369,BLINDNESS AND LOW VISION,369,102,2,1.0,2,2,GREEN
364,DISORDERS OF IRIS AND CILIARY BODY,364,98,2,1.0,2,2,GREEN
374,OTHER DISORDERS OF EYELIDS,374,98,2,1.0,2,2,GREEN
942,BURN OF TRUNK,942,98,2,1.0,2,2,GREEN
715,OSTEOARTHROSIS AND ALLIED DISORDERS,715,96,2,1.0,2,2,GREEN
789,OTHER SYMPTOMS INVOLVING ABDOMEN AND PELVIS,789,96,2,1.0,2,2,GREEN
995,CERTAIN ADVERSE EFFECTS NOT ELSEWHERE CLASSIFIED,995,96,2,1.0,2,2,GREEN
305,NONDEPENDENT ABUSE OF DRUGS,305,94,2,1.0,2,2,GREEN
377,DISORDERS OF OPTIC NERVE AND VISUAL PATHWAYS,377,94,2,1.0,2,2,GREEN
733,OTHER DISORDERS OF BONE AND CARTILAGE,733,94,2,1.0,2,2,GREEN
780,GENERAL SYMPTOMS,780,94,2,1.0,2,2,GREEN
873,OTHER OPEN WOUND OF HEAD,873,94,2,1.0,2,2,GREEN
525,OTHER DISEASES AND CONDITIONS OF THE TEETH AND SUPPORTING STRUCTURES,525,92,2,1.0,2,2,GREEN
368,VISUAL DISTURBANCES,368,90,2,1.0,2,2,GREEN
521,DISEASES OF HARD TISSUES OF TEETH,521,90,2,1.0,2,2,GREEN
671,VENOUS COMPLICATIONS IN PREGNANCY AND THE PUERPERIUM,671,90,2,1.0,2,2,GREEN
764,SLOW FETAL GROWTH AND FETAL MALNUTRITION,764,90,3,1.0,3,3,GREEN
863,INJURY TO GASTROINTESTINAL TRACT,863,90,2,1.0,2,2,GREEN
999,COMPLICATIONS OF MEDICAL CARE NOT ELSEWHERE CLASSIFIED,999,90,2,1.0,2,2,GREEN
13,TUBERCULOUS MENINGITIS,13,88,2,1.0,2,2,GREEN
366,CATARACT,366,88,2,1.0,2,2,GREEN
327,ORGANIC INSOMNIA UNSPECIFIED,327,87,2,1.0,2,2,GREEN
649,TOBACCO USE DISORDER COMPLICATING PREGNANCY CHILDBIRTH OR THE PUERPERIUM UNSPECIFIED AS TO EPISODE OF CARE OR NOT APPLICABLE,649,87,2,1.0,2,2,GREEN
376,DISORDERS OF THE ORBIT,376,84,2,1.0,2,2,GREEN
902,INJURY TO BLOOD VESSELS OF ABDOMEN AND PELVIS,902,84,2,1.0,2,2,GREEN
V58,ENCOUNTER FOR OTHER AND UNSPECIFIED PROCEDURES AND AFTERCARE,V58,84,2,1.0,2,2,GREEN
12,OTHER RESPIRATORY TUBERCULOSIS,12,82,2,1.0,2,2,GREEN
375,DISORDERS OF LACRIMAL SYSTEM,375,82,2,1.0,2,2,GREEN
410,ACUTE MYOCARDIAL INFARCTION,410,82,3,1.0,3,3,GREEN
634,SPONTANEOUS ABORTION,634,82,2,1.0,2,2,GREEN
635,LEGALLY INDUCED ABORTION,635,82,2,1.0,2,2,GREEN
636,ILLEGAL ABORTION,636,82,2,1.0,2,2,GREEN
637,UNSPECIFIED ABORTION,637,82,2,1.0,2,2,GREEN
653,DISPROPORTION IN PREGNANCY LABOR AND DELIVERY,653,82,2,1.0,2,2,GREEN
655,KNOWN OR SUSPECTED FETAL ABNORMALITY AFFECTING MANAGEMENT OF MOTHER,655,82,2,1.0,2,2,GREEN
656,OTHER KNOWN OR SUSPECTED FETAL AND PLACENTAL PROBLEMS AFFECTING MANAGEMENT OF MOTHER,656,82,2,1.0,2,2,GREEN
659,OTHER INDICATIONS FOR CARE OR INTERVENTION RELATED TO LABOR AND DELIVERY NOT ELSEWHERE CLASSIFIED,659,82,2,1.0,2,2,GREEN
660,OBSTRUCTED LABOR,660,82,2,1.0,2,2,GREEN
647,SYPHILIS COMPLICATING PREGNANCY CHILDBIRTH OR THE PUERPERIUM,647,81,2,1.0,2,2,GREEN
669,OBSTETRIC SHOCK,669.1,81,2,1.0,2,2,GREEN
839,CLOSED DISLOCATION CERVICAL VERTEBRA,839,81,2,1.0,2,2,GREEN
370,KERATITIS,370,80,2,1.0,2,2,GREEN
727,OTHER DISORDERS OF SYNOVIUM TENDON AND BURSA,727,80,2,1.0,2,2,GREEN
736,OTHER ACQUIRED DEFORMITIES OF LIMBS,736,80,2,1.0,2,2,GREEN
752,CONGENITAL ANOMALIES OF GENITAL ORGANS,752,80,2,1.0,2,2,GREEN
V15,OTHER PERSONAL HISTORY PRESENTING HAZARDS TO HEALTH,V15,80,2,1.0,2,2,GREEN
V45,OTHER POSTPROCEDURAL STATES,V45,78,2,1.0,2,2,GREEN
795,"OTHER AND NONSPECIFIC ABNORMAL CYTOLOGICAL, HISTOLOGICAL, IMMUNOLOGICAL AND DNA TEST FINDINGS",795,76,2,1.0,2,2,GREEN
386,VERTIGINOUS SYNDROMES AND OTHER DISORDERS OF VESTIBULAR SYSTEM,386,74,2,1.0,2,2,GREEN
652,UNSTABLE LIE UNSPECIFIED AS TO EPISODE OF CARE,652,74,2,1.0,2,2,GREEN
663,UMBILICAL CORD COMPLICATIONS DURING LABOR AND DELIVERY,663,74,2,1.0,2,2,GREEN
664,TRAUMA TO PERINEUM AND VULVA DURING DELIVERY,664,74,2,1.0,2,2,GREEN
674,OTHER AND UNSPECIFIED COMPLICATIONS OF THE PUERPERIUM NOT ELSEWHERE CLASSIFIED,674,74,2,1.0,2,2,GREEN
756,OTHER CONGENITAL MUSCULOSKELETAL ANOMALIES,756,74,2,1.0,2,2,GREEN
438,LATE EFFECTS OF CEREBROVASCULAR DISEASE,438,72,2,1.0,2,2,GREEN
665,RUPTURE OF UTERUS BEFORE ONSET OF LABOR UNSPECIFIED AS TO EPISODE OF CARE,665,72,2,0.9861111111111112,2,"2,3",GREEN
98,GONOCOCCAL INFECTION (ACUTE) OF LOWER GENITOURINARY TRACT,98,72,2,1.0,2,2,GREEN
651,TWIN PREGNANCY,651,70,2,1.0,2,2,GREEN
726,PERIPHERAL ENTHESOPATHIES AND ALLIED SYNDROMES,726,70,2,1.0,2,2,GREEN
754,CERTAIN CONGENITAL MUSCULOSKELETAL DEFORMITIES,754,70,2,1.0,2,2,GREEN
788,SYMPTOMS INVOLVING URINARY SYSTEM,788,70,2,1.0,2,2,GREEN
V12,PERSONAL HISTORY OF CERTAIN OTHER DISEASES,V12,70,2,1.0,2,2,GREEN
V13,PERSONAL HISTORY OF OTHER DISEASES,V13,70,2,1.0,2,2,GREEN
307,SPECIAL SYMPTOMS OR SYNDROMES NOT ELSEWHERE CLASSIFIED,307,68,2,1.0,2,2,GREEN
765,DISORDERS RELATING TO SHORT GESTATION AND UNSPECIFIED LOW BIRTHWEIGHT,765,68,3,1.0,3,3,GREEN
10,PRIMARY TUBERCULOUS INFECTION,10,66,2,1.0,2,2,GREEN
380,DISORDERS OF EXTERNAL EAR,380,66,2,1.0,2,2,GREEN
453,OTHER VENOUS EMBOLISM AND THROMBOSIS,453,66,2,1.0,2,2,GREEN
747,OTHER CONGENITAL ANOMALIES OF CIRCULATORY SYSTEM,747,66,2,1.0,2,2,GREEN
812,FRACTURE OF HUMERUS,812,66,2,1.0,2,2,GREEN
V61,OTHER FAMILY CIRCUMSTANCES,V61,66,2,1.0,2,2,GREEN
388,OTHER DISORDERS OF EAR,388,64,2,1.0,2,2,GREEN
744,CONGENITAL ANOMALIES OF EAR FACE AND NECK,744,64,2,1.0,2,2,GREEN
249,SECONDARY DIABETES MELLITUS,249,62,2,1.0,2,2,GREEN
300,"ANXIETY, DISSOCIATIVE AND SOMATOFORM DISORDERS",300,62,2,1.0,2,2,GREEN
381,NONSUPPURATIVE OTITIS MEDIA AND EUSTACHIAN TUBE DISORDERS,381,62,2,1.0,2,2,GREEN
574,CHOLELITHIASIS,574,62,2,1.0,2,2,GREEN
668,COMPLICATIONS OF THE ADMINISTRATION OF ANESTHETIC OR OTHER SEDATION IN LABOR AND DELIVERY,668,62,2,1.0,2,2,GREEN
673,OBSTETRICAL PULMONARY EMBOLISM,673,62,2,1.0,2,2,GREEN
722,INTERVERTEBRAL DISC DISORDERS,722,62,2,1.0,2,2,GREEN
8,INTESTINAL INFECTIONS DUE TO OTHER ORGANISMS,8,62,2,1.0,2,2,GREEN
802,FRACTURE OF FACE BONES,802,62,2,1.0,2,2,GREEN
V49,DEFICIENCIES OF LIMBS,V49.0,62,2,1.0,2,2,GREEN
312,DISTURBANCE OF CONDUCT NOT ELSEWHERE CLASSIFIED,312,60,2,1.0,2,2,GREEN
339,OTHER HEADACHE SYNDROMES,339,60,2,1.0,2,2,GREEN
478,OTHER DISEASES OF UPPER RESPIRATORY TRACT,478,60,2,1.0,2,2,GREEN
569,OTHER DISORDERS OF INTESTINE,569,60,2,1.0,2,2,GREEN
70,VIRAL HEPATITIS,70,60,2,1.0,2,2,GREEN
V54,OTHER ORTHOPEDIC AFTERCARE,V54,60,2,1.0,2,2,GREEN
V72,SPECIAL INVESTIGATIONS AND EXAMINATIONS,V72,60,2,1.0,2,2,GREEN
302,SEXUAL AND GENDER IDENTITY DISORDERS,302,58,2,1.0,2,2,GREEN
385,OTHER DISORDERS OF MIDDLE EAR AND MASTOID,385,58,2,1.0,2,2,GREEN
658,OTHER PROBLEMS ASSOCIATED WITH AMNIOTIC CAVITY AND MEMBRANES,658,58,2,1.0,2,2,GREEN
675,INFECTIONS OF NIPPLE ASSOCIATED WITH CHILDBIRTH UNSPECIFIED AS TO EPISODE OF CARE,675,58,2,1.0,2,2,GREEN
770,OTHER RESPIRATORY CONDITIONS OF FETUS AND NEWBORN,770,58,3,0.9655172413793104,3,"2,3",GREEN
805,FRACTURE OF VERTEBRAL COLUMN WITHOUT MENTION OF SPINAL CORD INJURY,805,58,2,1.0,2,2,GREEN
823,FRACTURE OF TIBIA AND FIBULA,823,58,2,1.0,2,2,GREEN
V85,BODY MASS INDEX LESS THAN 19 ADULT,V85.0,58,2,1.0,2,2,GREEN
279,DISORDERS INVOLVING THE IMMUNE MECHANISM,279,56,2,1.0,2,2,GREEN
531,GASTRIC ULCER,531,56,2,1.0,2,2,GREEN
532,DUODENAL ULCER,532,56,2,1.0,2,2,GREEN
533,PEPTIC ULCER SITE UNSPECIFIED,533,56,2,1.0,2,2,GREEN
534,GASTROJEJUNAL ULCER,534,56,2,1.0,2,2,GREEN
695,ERYTHEMATOUS CONDITIONS,695,56,2,1.0,2,2,GREEN
707,CHRONIC ULCER OF SKIN,707,56,2,1.0,2,2,GREEN
807,FRACTURE OF RIB(S) STERNUM LARYNX AND TRACHEA,807,56,2,1.0,2,2,GREEN
952,SPINAL CORD INJURY WITHOUT EVIDENCE OF SPINAL BONE INJURY,952,56,2,1.0,2,2,GREEN
997,COMPLICATIONS AFFECTING SPECIFIED BODY SYSTEM NOT ELSEWHERE CLASSIFIED,997,56,2,0.8928571428571429,3,"2,3",GREEN
998,OTHER COMPLICATIONS OF PROCEDURES NOT ELSEWHERE CLASSIFIED,998,56,2,1.0,2,2,GREEN
282,HEREDITARY HEMOLYTIC ANEMIAS,282,54,2,1.0,2,2,GREEN
288,DISEASES OF WHITE BLOOD CELLS,288,54,2,1.0,2,2,GREEN
345,EPILEPSY AND RECURRENT SEIZURES,345,54,2,1.0,2,2,GREEN
361,RETINAL DETACHMENTS AND DEFECTS,361,54,2,1.0,2,2,GREEN
389,HEARING LOSS,389,54,2,1.0,2,2,GREEN
523,GINGIVAL AND PERIODONTAL DISEASES,523,54,2,1.0,2,2,GREEN
54,HERPES SIMPLEX,54,54,2,1.0,2,2,GREEN
728,DISORDERS OF MUSCLE LIGAMENT AND FASCIA,728,54,2,0.8148148148148148,3,"2,3",GREEN
794,NONSPECIFIC ABNORMAL RESULTS OF FUNCTION STUDIES,794,54,2,1.0,2,2,GREEN
301,PERSONALITY DISORDERS,301,52,2,1.0,2,2,GREEN
333,OTHER EXTRAPYRAMIDAL DISEASE AND ABNORMAL MOVEMENT DISORDERS,333,52,2,1.0,2,2,GREEN
344,OTHER PARALYTIC SYNDROMES,344,52,2,1.0,2,2,GREEN
530,DISEASES OF ESOPHAGUS,530,52,2,1.0,2,2,GREEN
737,CURVATURE OF SPINE,737,52,2,1.0,2,2,GREEN
750,OTHER CONGENITAL ANOMALY OF UPPER ALIMENTARY TRACT,750,52,2,1.0,2,2,GREEN
784,SYMPTOMS INVOLVING HEAD AND NECK,784,52,2,1.0,2,2,GREEN
787,SYMPTOMS INVOLVING DIGESTIVE SYSTEM,787,52,2,1.0,2,2,GREEN
799,OTHER ILL-DEFINED AND UNKNOWN CAUSES OF MORBIDITY AND MORTALITY,799,52,2,0.9615384615384616,2,"2,3",GREEN
V26,PROCREATIVE MANAGEMENT,V26,52,2,1.0,2,2,GREEN
V76,SPECIAL SCREENING FOR MALIGNANT NEOPLASMS,V76,52,2,1.0,2,2,GREEN
205,MYELOID LEUKEMIA,205,50,3,1.0,3,3,GREEN
535,GASTRITIS AND DUODENITIS,535,50,2,1.0,2,2,GREEN
641,ANTEPARTUM HEMORRHAGE ABRUPTIO PLACENTAE AND PLACENTA PREVIA,641,50,2,1.0,2,2,GREEN
692,CONTACT DERMATITIS AND OTHER ECZEMA,692,50,2,1.0,2,2,GREEN
729,OTHER DISORDERS OF SOFT TISSUES,729,50,2,0.84,3,"2,3",GREEN
753,CONGENITAL ANOMALIES OF URINARY SYSTEM,753,50,2,1.0,2,2,GREEN
760,FETUS OR NEWBORN AFFECTED BY MATERNAL CONDITIONS WHICH MAY BE UNRELATED TO PRESENT PREGNANCY,760,50,2,1.0,2,2,GREEN
V43,ORGAN OR TISSUE REPLACED BY OTHER MEANS,V43,48,2,1.0,2,2,GREEN
661,PRIMARY UTERINE INERTIA,661,47,2,1.0,2,2,GREEN
323,ENCEPHALITIS MYELITIS AND ENCEPHALOMYELITIS,323,46,2,1.0,2,2,GREEN
426,CONDUCTION DISORDERS,426,46,2,1.0,2,2,GREEN
516,OTHER ALVEOLAR AND PARIETOALVEOLAR PNEUMONOPATHY,516,46,2,1.0,2,2,GREEN
618,GENITAL PROLAPSE,618,46,2,1.0,2,2,GREEN
746,OTHER CONGENITAL ANOMALIES OF HEART,746,46,2,1.0,2,2,GREEN
814,FRACTURE OF CARPAL BONE(S),814,46,2,1.0,2,2,GREEN
820,FRACTURE OF NECK OF FEMUR,820,46,2,1.0,2,2,GREEN
872,OPEN WOUND OF EAR,872,46,2,1.0,2,2,GREEN
969,POISONING BY ANTIDEPRESSANTS,969,45,2,1.0,2,2,GREEN
242,THYROTOXICOSIS WITH OR WITHOUT GOITER,242,44,3,1.0,3,3,GREEN
717,INTERNAL DERANGEMENT OF KNEE,717,44,2,1.0,2,2,GREEN
79,VIRAL AND CHLAMYDIAL INFECTION IN CONDITIONS CLASSIFIED ELSEWHERE AND OF UNSPECIFIED SITE,79,44,2,1.0,2,2,GREEN
790,NONSPECIFIC FINDINGS ON EXAMINATION OF BLOOD,790,44,2,1.0,2,2,GREEN
V25,ENCOUNTER FOR CONTRACEPTIVE MANAGEMENT,V25,44,2,1.0,2,2,GREEN
V53,FITTING AND ADJUSTMENT OF CEREBRAL VENTRICULAR (COMMUNICATING) SHUNT,V53.01,44,2,1.0,2,2,GREEN
V87,OTHER SPECIFIED PERSONAL EXPOSURES AND HISTORY PRESENTING HAZARDS TO HEALTH,V87,44,2,1.0,2,2,GREEN
204,LYMPHOID LEUKEMIA,204,42,3,1.0,3,3,GREEN
206,MONOCYTIC LEUKEMIA,206,42,3,1.0,3,3,GREEN
208,LEUKEMIA OF UNSPECIFIED CELL TYPE,208,42,3,1.0,3,3,GREEN
289,OTHER DISEASES OF BLOOD AND BLOOD-FORMING ORGANS,289,42,2,1.0,2,2,GREEN
482,OTHER BACTERIAL PNEUMONIA,482,42,2,1.0,2,2,GREEN
596,OTHER DISORDERS OF BLADDER,596,42,2,1.0,2,2,GREEN
599,OTHER DISORDERS OF URETHRA AND URINARY TRACT,599,42,2,1.0,2,2,GREEN
608,OTHER DISORDERS OF MALE GENITAL ORGANS,608,42,2,1.0,2,2,GREEN
643,EXCESSIVE VOMITING IN PREGNANCY,643,42,2,1.0,2,2,GREEN
779,OTHER AND ILL-DEFINED CONDITIONS ORIGINATING IN THE PERINATAL PERIOD,779,42,2,0.9523809523809523,2,"2,3",GREEN
V23,SUPERVISION OF HIGH-RISK PREGNANCY,V23,42,2,1.0,2,2,GREEN
18,ACUTE MILIARY TUBERCULOSIS,18,41,3,1.0,3,3,GREEN
359,MUSCULAR DYSTROPHIES AND OTHER MYOPATHIES,359,40,2,1.0,2,2,GREEN
373,INFLAMMATION OF EYELIDS,373,40,2,1.0,2,2,GREEN
414,OTHER FORMS OF CHRONIC ISCHEMIC HEART DISEASE,414,40,2,1.0,2,2,GREEN
493,ASTHMA,493,40,2,0.85,3,"2,3",GREEN
749,CLEFT PALATE AND CLEFT LIP,749,40,2,1.0,2,2,GREEN
796,OTHER NONSPECIFIC ABNORMAL FINDINGS,796,40,2,1.0,2,2,GREEN
836,DISLOCATION OF KNEE,836,40,2,1.0,2,2,GREEN
99,OTHER VENEREAL DISEASES,99,40,2,1.0,2,2,GREEN
V02,CARRIER OR SUSPECTED CARRIER OF INFECTIOUS DISEASES,V02,40,2,1.0,2,2,GREEN
V91,TWIN GESTATION UNSPECIFIED NUMBER OF PLACENTA UNSPECIFIED NUMBER OF AMNIOTIC SACS,V91.00,39,2,1.0,2,2,GREEN
238,NEOPLASM OF UNCERTAIN BEHAVIOR OF OTHER AND UNSPECIFIED SITES AND TISSUES,238,38,2,1.0,2,2,GREEN
367,DISORDERS OF REFRACTION AND ACCOMMODATION,367,38,2,1.0,2,2,GREEN
383,MASTOIDITIS AND RELATED CONDITIONS,383,38,2,1.0,2,2,GREEN
428,HEART FAILURE,428,38,2,0.8421052631578947,3,"2,3",GREEN
433,OCCLUSION AND STENOSIS OF PRECEREBRAL ARTERIES,433,38,2,1.0,2,2,GREEN
459,OTHER DISORDERS OF CIRCULATORY SYSTEM,459,38,2,1.0,2,2,GREEN
53,HERPES ZOSTER,53,38,2,1.0,2,2,GREEN
724,OTHER AND UNSPECIFIED DISORDERS OF BACK,724,38,2,1.0,2,2,GREEN
793,NONSPECIFIC (ABNORMAL) FINDINGS ON RADIOLOGICAL AND OTHER EXAMINATION OF BODY STRUCTURE,793,38,2,1.0,2,2,GREEN
808,FRACTURE OF PELVIS,808,38,2,1.0,2,2,GREEN
821,FRACTURE OF OTHER AND UNSPECIFIED PARTS OF FEMUR,821,38,2,1.0,2,2,GREEN
825,FRACTURE OF ONE OR MORE TARSAL AND METATARSAL BONES,825,38,2,1.0,2,2,GREEN
838,DISLOCATION OF FOOT,838,38,2,1.0,2,2,GREEN
853,OTHER AND UNSPECIFIED INTRACRANIAL HEMORRHAGE FOLLOWING INJURY,853,38,2,1.0,2,2,GREEN
854,INTRACRANIAL INJURY OF OTHER AND UNSPECIFIED NATURE,854,38,2,1.0,2,2,GREEN
880,OPEN WOUND OF SHOULDER AND UPPER ARM,880,38,2,1.0,2,2,GREEN
904,INJURY TO BLOOD VESSELS OF LOWER EXTREMITY AND UNSPECIFIED SITES,904,38,2,1.0,2,2,GREEN
V16,FAMILY HISTORY OF MALIGNANT NEOPLASM,V16,38,2,1.0,2,2,GREEN
V59,DONORS,V59,38,2,1.0,2,2,GREEN
V62,OTHER PSYCHOSOCIAL CIRCUMSTANCES,V62,38,2,1.0,2,2,GREEN
V65,OTHER PERSONS SEEKING CONSULTATION,V65,38,2,1.0,2,2,GREEN
670,MAJOR PUERPERAL INFECTION UNSPECIFIED,670,37,2,1.0,2,2,GREEN
V64,VACCINATION NOT CARRIED OUT,V64.0,37,2,1.0,2,2,GREEN
290,DEMENTIAS,290,36,2,1.0,2,2,GREEN
309,ADJUSTMENT REACTION,309,36,2,1.0,2,2,GREEN
315,SPECIFIC DELAYS IN DEVELOPMENT,315,36,2,1.0,2,2,GREEN
38,SEPTICEMIA,38,36,3,1.0,3,3,GREEN
45,ACUTE PARALYTIC POLIOMYELITIS SPECIFIED AS BULBAR,45,36,2,1.0,2,2,GREEN
528,DISEASES OF THE ORAL SOFT TISSUES EXCLUDING LESIONS SPECIFIC FOR GINGIVA AND TONGUE,528,36,2,1.0,2,2,GREEN
593,OTHER DISORDERS OF KIDNEY AND URETER,593,36,2,1.0,2,2,GREEN
611,OTHER DISORDERS OF BREAST,611,36,2,1.0,2,2,GREEN
745,BULBUS CORDIS ANOMALIES AND ANOMALIES OF CARDIAC SEPTAL CLOSURE,745,36,2,1.0,2,2,GREEN
78,OTHER DISEASES DUE TO VIRUSES AND CHLAMYDIAE,78,36,2,1.0,2,2,GREEN
959,INJURY OTHER AND UNSPECIFIED,959,36,2,1.0,2,2,GREEN
V01,CONTACT WITH OR EXPOSURE TO COMMUNICABLE DISEASES,V01,36,2,1.0,2,2,GREEN
V71,OBSERVATION AND EVALUATION FOR SUSPECTED CONDITIONS NOT FOUND,V71,36,2,1.0,2,2,GREEN
115,INFECTION BY HISTOPLASMA CAPSULATUM WITHOUT MANIFESTATION,115,35,2,1.0,2,2,GREEN
14,TUBERCULOSIS OF INTESTINES PERITONEUM AND MESENTERIC GLANDS,14,34,2,1.0,2,2,GREEN
255,DISORDERS OF ADRENAL GLANDS,255,34,2,1.0,2,2,GREEN
275,DISORDERS OF MINERAL METABOLISM,275,34,2,1.0,2,2,GREEN
331,OTHER CEREBRAL DEGENERATIONS,331,34,2,1.0,2,2,GREEN
342,HEMIPLEGIA AND HEMIPARESIS,342,34,2,1.0,2,2,GREEN
384,OTHER DISORDERS OF TYMPANIC MEMBRANE,384,34,2,1.0,2,2,GREEN
429,ILL-DEFINED DESCRIPTIONS AND COMPLICATIONS OF HEART DISEASE,429,34,2,1.0,2,2,GREEN
440,ATHEROSCLEROSIS,440,34,2,1.0,2,2,GREEN
464,ACUTE LARYNGITIS AND TRACHEITIS,464,34,2,1.0,2,2,GREEN
564,FUNCTIONAL DIGESTIVE DISORDERS NOT ELSEWHERE CLASSIFIED,564,34,2,1.0,2,2,GREEN
567,PERITONITIS AND RETROPERITONEAL INFECTIONS,567,34,2,1.0,2,2,GREEN
621,DISORDERS OF UTERUS NOT ELSEWHERE CLASSIFIED,621,34,2,1.0,2,2,GREEN
662,LONG LABOR,662,34,2,1.0,2,2,GREEN
758,CHROMOSOMAL ANOMALIES,758,34,2,1.0,2,2,GREEN
V18,FAMILY HISTORY OF CERTAIN OTHER SPECIFIC CONDITIONS,V18,34,2,1.0,2,2,GREEN
91,GENITAL SYPHILIS (PRIMARY),91,33,2,1.0,2,2,GREEN
V09,INFECTION WITH MICROORGANISMS RESISTANT TO PENICILLINS,V09.0,33,2,1.0,2,2,GREEN
V90,RETAINED DEPLETED URANIUM FRAGMENTS,V90.01,33,2,1.0,2,2,GREEN
276,DISORDERS OF FLUID ELECTROLYTE AND ACID-BASE BALANCE,276,32,2,0.9375,2,"2,3",GREEN
287,PURPURA AND OTHER HEMORRHAGIC CONDITIONS,287,32,2,1.0,2,2,GREEN
306,PHYSIOLOGICAL MALFUNCTION ARISING FROM MENTAL FACTORS,306,32,2,1.0,2,2,GREEN
404,HYPERTENSIVE HEART AND CHRONIC KIDNEY DISEASE,404,32,2,1.0,2,2,GREEN
550,INGUINAL HERNIA,550,32,2,1.0,2,2,GREEN
59,OTHER POXVIRUS INFECTIONS,59,32,2,1.0,2,2,GREEN
629,OTHER DISORDERS OF FEMALE GENITAL ORGANS,629,32,2,1.0,2,2,GREEN
633,ECTOPIC PREGNANCY,633,32,2,1.0,2,2,GREEN
781,SYMPTOMS INVOLVING NERVOUS AND MUSCULOSKELETAL SYSTEMS,781,32,2,1.0,2,2,GREEN
783,SYMPTOMS CONCERNING NUTRITION METABOLISM AND DEVELOPMENT,783,32,2,1.0,2,2,GREEN
832,DISLOCATION OF ELBOW,832,32,2,1.0,2,2,GREEN
861,CONTUSION OF HEART WITHOUT OPEN WOUND INTO THORAX,861.01,32,2,1.0,2,2,GREEN
923,CONTUSION OF UPPER LIMB,923,32,2,1.0,2,2,GREEN
927,CRUSHING INJURY OF UPPER LIMB,927,32,2,1.0,2,2,GREEN
958,CERTAIN EARLY COMPLICATIONS OF TRAUMA,958,32,2,1.0,2,2,GREEN
989,TOXIC EFFECT OF OTHER SUBSTANCES CHIEFLY NONMEDICINAL AS TO SOURCE,989,32,2,1.0,2,2,GREEN
V42,ORGAN OR TISSUE REPLACED BY TRANSPLANT,V42,32,2,1.0,2,2,GREEN
112,CANDIDIASIS,112,30,2,1.0,2,2,GREEN
237,NEOPLASM OF UNCERTAIN BEHAVIOR OF ENDOCRINE GLANDS AND NERVOUS SYSTEM,237,30,2,1.0,2,2,GREEN
274,GOUT,274,30,2,1.0,2,2,GREEN
348,OTHER CONDITIONS OF BRAIN,348,30,2,1.0,2,2,GREEN
447,OTHER DISORDERS OF ARTERIES AND ARTERIOLES,447,30,2,1.0,2,2,GREEN
537,OTHER DISORDERS OF STOMACH AND DUODENUM,537,30,2,1.0,2,2,GREEN
616,INFLAMMATORY DISEASE OF CERVIX VAGINA AND VULVA,616,30,2,1.0,2,2,GREEN
721,SPONDYLOSIS AND ALLIED DISORDERS,721,30,2,1.0,2,2,GREEN
738,OTHER ACQUIRED MUSCULOSKELETAL DEFORMITY,738,30,2,1.0,2,2,GREEN
751,OTHER CONGENITAL ANOMALIES OF DIGESTIVE SYSTEM,751,30,2,1.0,2,2,GREEN
759,OTHER AND UNSPECIFIED CONGENITAL ANOMALIES,759,30,2,1.0,2,2,GREEN
772,FETAL AND NEONATAL HEMORRHAGE,772,30,3,1.0,3,3,GREEN
815,FRACTURE OF METACARPAL BONE(S),815,30,2,1.0,2,2,GREEN
831,DISLOCATION OF SHOULDER,831,30,2,1.0,2,2,GREEN
865,INJURY TO SPLEEN,865,30,2,1.0,2,2,GREEN
924,CONTUSION OF LOWER LIMB AND OF OTHER AND UNSPECIFIED SITES,924,30,2,1.0,2,2,GREEN
94,NEUROSYPHILIS,94,30,2,1.0,2,2,GREEN
965,POISONING BY ANALGESICS ANTIPYRETICS AND ANTIRHEUMATICS,965,30,2,1.0,2,2,GREEN
V73,SPECIAL SCREENING EXAMINATION FOR VIRAL AND CHLAMYDIAL DISEASES,V73,30,2,1.0,2,2,GREEN
V82,SPECIAL SCREENING FOR OTHER CONDITIONS,V82,30,2,1.0,2,2,GREEN
207,ACUTE ERYTHREMIA AND ERYTHROLEUKEMIA,207,29,3,1.0,3,3,GREEN
335,WERDNIG-HOFFMANN DISEASE,335,29,2,1.0,2,2,GREEN
526,DEVELOPMENTAL ODONTOGENIC CYSTS,526,29,2,1.0,2,2,GREEN
666,THIRD-STAGE POSTPARTUM HEMORRHAGE UNSPECIFIED AS TO EPISODE OF CARE,666,29,2,1.0,2,2,GREEN
868,INJURY TO OTHER INTRA-ABDOMINAL ORGANS WITHOUT MENTION OF OPEN WOUND INTO CAVITY,868,29,2,1.0,2,2,GREEN
874,OPEN WOUND OF LARYNX AND TRACHEA WITHOUT MENTION OF COMPLICATION,874,29,2,1.0,2,2,GREEN
233,CARCINOMA IN SITU OF BREAST AND GENITOURINARY SYSTEM,233,28,2,1.0,2,2,GREEN
292,DRUG-INDUCED MENTAL DISORDERS,292,28,2,1.0,2,2,GREEN
357,INFLAMMATORY AND TOXIC NEUROPATHY,357,28,2,1.0,2,2,GREEN
441,AORTIC ANEURYSM AND DISSECTION,441,28,2,1.0,2,2,GREEN
443,OTHER PERIPHERAL VASCULAR DISEASE,443,28,2,1.0,2,2,GREEN
519,OTHER DISEASES OF RESPIRATORY SYSTEM,519,28,2,1.0,2,2,GREEN
551,OTHER HERNIA OF ABDOMINAL CAVITY WITH GANGRENE,551,28,2,1.0,2,2,GREEN
552,OTHER HERNIA OF ABDOMINAL CAVITY WITH OBSTRUCTION BUT WITHOUT MENTION OF GANGRENE,552,28,2,1.0,2,2,GREEN
553,OTHER HERNIA OF ABDOMINAL CAVITY WITHOUT MENTION OF OBSTRUCTION OR GANGRENE,553,28,2,1.0,2,2,GREEN
571,CHRONIC LIVER DISEASE AND CIRRHOSIS,571,28,2,1.0,2,2,GREEN
600,HYPERPLASIA OF PROSTATE,600,28,2,1.0,2,2,GREEN
622,NONINFLAMMATORY DISORDERS OF CERVIX,622,28,2,1.0,2,2,GREEN
625,PAIN AND OTHER SYMPTOMS ASSOCIATED WITH FEMALE GENITAL ORGANS,625,28,2,1.0,2,2,GREEN
704,DISEASES OF HAIR AND HAIR FOLLICLES,704,28,2,1.0,2,2,GREEN
714,RHEUMATOID ARTHRITIS AND OTHER INFLAMMATORY POLYARTHROPATHIES,714,28,2,1.0,2,2,GREEN
757,CONGENITAL ANOMALIES OF THE INTEGUMENT,757,28,2,1.0,2,2,GREEN
864,INJURY TO LIVER WITHOUT MENTION OF OPEN WOUND INTO CAVITY,864,28,2,1.0,2,2,GREEN
90,CONGENITAL SYPHILIS,90,28,2,1.0,2,2,GREEN
93,CARDIOVASCULAR SYPHILIS,93,28,2,1.0,2,2,GREEN
V03,NEED FOR PROPHYLACTIC VACCINATION AND INOCULATION AGAINST BACTERIAL DISEASES,V03,28,2,1.0,2,2,GREEN
V07,NEED FOR ISOLATION AND OTHER PROPHYLACTIC OR TREATMENT MEASURES,V07,28,2,1.0,2,2,GREEN
V17,FAMILY HISTORY OF CERTAIN CHRONIC DISABLING DISEASES,V17,28,2,1.0,2,2,GREEN
V67,FOLLOW-UP EXAMINATION,V67,28,2,1.0,2,2,GREEN
313,OVERANXIOUS DISORDER SPECIFIC TO CHILDHOOD AND ADOLESCENCE,313,27,2,1.0,2,2,GREEN
833,CLOSED DISLOCATION OF WRIST,833,27,2,1.0,2,2,GREEN
203,MULTIPLE MYELOMA AND IMMUNOPROLIFERATIVE NEOPLASMS,203,26,3,1.0,3,3,GREEN
236,NEOPLASM OF UNCERTAIN BEHAVIOR OF GENITOURINARY ORGANS,236,26,2,1.0,2,2,GREEN
239,NEOPLASMS OF UNSPECIFIED NATURE,239,26,2,1.0,2,2,GREEN
284,APLASTIC ANEMIA AND OTHER BONE MARROW FAILURE SYNDROMES,284,26,2,1.0,2,2,GREEN
286,COAGULATION DEFECTS,286,26,2,1.0,2,2,GREEN
299,PERVASIVE DEVELOPMENTAL DISORDERS,299,26,2,1.0,2,2,GREEN
337,IDIOPATHIC PERIPHERAL AUTONOMIC NEUROPATHY,337,26,2,1.0,2,2,GREEN
355,MONONEURITIS OF LOWER LIMB AND UNSPECIFIED SITE,355,26,2,1.0,2,2,GREEN
451,PHLEBITIS AND THROMBOPHLEBITIS,451,26,2,1.0,2,2,GREEN
46,SLOW VIRUS INFECTIONS AND PRION DISEASES OF CENTRAL NERVOUS SYSTEM,46,26,3,1.0,3,3,GREEN
488,INFLUENZA DUE TO CERTAIN IDENTIFIED INFLUENZA VIRUSES,488,26,2,1.0,2,2,GREEN
560,INTESTINAL OBSTRUCTION WITHOUT MENTION OF HERNIA,560,26,2,1.0,2,2,GREEN
575,OTHER DISORDERS OF GALLBLADDER,575,26,2,1.0,2,2,GREEN
590,INFECTIONS OF KIDNEY,590,26,2,1.0,2,2,GREEN
607,DISORDERS OF PENIS,607,26,2,1.0,2,2,GREEN
624,NONINFLAMMATORY DISORDERS OF VULVA AND PERINEUM,624,26,2,1.0,2,2,GREEN
640,HEMORRHAGE IN EARLY PREGNANCY,640,26,2,1.0,2,2,GREEN
645,LATE PREGNANCY,645,26,2,1.0,2,2,GREEN
679,COMPLICATIONS OF IN UTERO PROCEDURES,679,26,3,1.0,3,3,GREEN
767,BIRTH TRAUMA,767,26,2,1.0,2,2,GREEN
768,FETAL DEATH FROM ASPHYXIA OR ANOXIA DURING LABOR,768.1,26,2,1.0,2,2,GREEN
782,SYMPTOMS INVOLVING SKIN AND OTHER INTEGUMENTARY TISSUE,782,26,2,1.0,2,2,GREEN
811,FRACTURE OF SCAPULA,811,26,2,1.0,2,2,GREEN
845,SPRAINS AND STRAINS OF ANKLE AND FOOT,845,26,2,1.0,2,2,GREEN
848,OTHER AND ILL-DEFINED SPRAINS AND STRAINS,848,26,2,1.0,2,2,GREEN
862,INJURY TO OTHER AND UNSPECIFIED INTRATHORACIC ORGANS,862,26,2,1.0,2,2,GREEN
881,OPEN WOUND OF ELBOW FOREARM AND WRIST,881,26,2,1.0,2,2,GREEN
928,CRUSHING INJURY OF LOWER LIMB,928,26,2,1.0,2,2,GREEN
V04,NEED FOR PROPHYLACTIC VACCINATION AND INOCULATION AGAINST CERTAIN VIRAL DISEASES,V04,26,2,1.0,2,2,GREEN
V28,ENCOUNTER FOR ANTENATAL SCREENING OF MOTHER,V28,26,2,1.0,2,2,GREEN
V44,TRACHEOSTOMY STATUS,V44.0,26,2,1.0,2,2,GREEN
V77,SPECIAL SCREENING FOR ENDOCRINE NUTRITIONAL METABOLIC AND IMMUNITY DISORDERS,V77,26,2,1.0,2,2,GREEN
198,SECONDARY MALIGNANT NEOPLASM OF KIDNEY,198,25,2,1.0,2,2,GREEN
338,CENTRAL PAIN SYNDROME,338,25,2,1.0,2,2,GREEN
748,CHOANAL ATRESIA,748,25,2,1.0,2,2,GREEN
259,OTHER ENDOCRINE DISORDERS,259,24,2,1.0,2,2,GREEN
291,ALCOHOL-INDUCED MENTAL DISORDERS,291,24,2,1.0,2,2,GREEN
3,OTHER SALMONELLA INFECTIONS,3,24,2,1.0,2,2,GREEN
32,FAUCIAL DIPHTHERIA,32,24,2,1.0,2,2,GREEN
349,OTHER AND UNSPECIFIED DISORDERS OF THE NERVOUS SYSTEM,349,24,2,1.0,2,2,GREEN
358,MYONEURAL DISORDERS,358,24,2,1.0,2,2,GREEN
425,CARDIOMYOPATHY,425,24,2,1.0,2,2,GREEN
442,OTHER ANEURYSM,442,24,2,1.0,2,2,GREEN
444,ARTERIAL EMBOLISM AND THROMBOSIS,444,24,2,1.0,2,2,GREEN
446,POLYARTERITIS NODOSA AND ALLIED CONDITIONS,446,24,2,1.0,2,2,GREEN
474,CHRONIC DISEASE OF TONSILS AND ADENOIDS,474,24,2,1.0,2,2,GREEN
536,DISORDERS OF FUNCTION OF STOMACH,536,24,2,1.0,2,2,GREEN
694,BULLOUS DERMATOSES,694,24,2,1.0,2,2,GREEN
705,DISORDERS OF SWEAT GLANDS,705,24,2,1.0,2,2,GREEN
742,OTHER CONGENITAL ANOMALIES OF NERVOUS SYSTEM,742,24,3,1.0,3,3,GREEN
774,OTHER PERINATAL JAUNDICE,774,24,2,1.0,2,2,GREEN
775,SYNDROME OF 'INFANT OF A DIABETIC MOTHER',775,24,2,1.0,2,2,GREEN
842,SPRAINS AND STRAINS OF WRIST AND HAND,842,24,2,1.0,2,2,GREEN
900,INJURY TO BLOOD VESSELS OF HEAD AND NECK,900,24,2,1.0,2,2,GREEN
903,INJURY TO BLOOD VESSELS OF UPPER EXTREMITY,903,24,2,1.0,2,2,GREEN
V57,CARE INVOLVING USE OF REHABILITATION PROCEDURES,V57,24,2,1.0,2,2,GREEN
V60,HOUSING HOUSEHOLD AND ECONOMIC CIRCUMSTANCES,V60,24,2,1.0,2,2,GREEN
V88,ACQUIRED ABSENCE OF OTHER ORGANS AND TISSUE,V88,24,2,1.0,2,2,GREEN
V19,FAMILY HISTORY OF BLINDNESS OR VISUAL LOSS,V19.0,23,2,1.0,2,2,GREEN
102,YAWS,102,22,2,1.0,2,2,GREEN
117,OTHER MYCOSES,117,22,2,1.0,2,2,GREEN
122,ECHINOCOCCOSIS,122,22,2,1.0,2,2,GREEN
136,OTHER AND UNSPECIFIED INFECTIOUS AND PARASITIC DISEASES,136,22,2,1.0,2,2,GREEN
146,MALIGNANT NEOPLASM OF OROPHARYNX,146,22,2,1.0,2,2,GREEN
153,MALIGNANT NEOPLASM OF COLON,153,22,2,1.0,2,2,GREEN
170,MALIGNANT NEOPLASM OF BONE AND ARTICULAR CARTILAGE,170,22,2,1.0,2,2,GREEN
172,MALIGNANT MELANOMA OF SKIN,172,22,2,1.0,2,2,GREEN
188,MALIGNANT NEOPLASM OF BLADDER,188,22,2,1.0,2,2,GREEN
190,MALIGNANT NEOPLASM OF EYE,190,22,2,1.0,2,2,GREEN
191,MALIGNANT NEOPLASM OF BRAIN,191,22,2,1.0,2,2,GREEN
210,BENIGN NEOPLASM OF LIP ORAL CAVITY AND PHARYNX,210,22,2,1.0,2,2,GREEN
211,BENIGN NEOPLASM OF OTHER PARTS OF DIGESTIVE SYSTEM,211,22,2,1.0,2,2,GREEN
212,BENIGN NEOPLASM OF RESPIRATORY AND INTRATHORACIC ORGANS,212,22,2,1.0,2,2,GREEN
213,BENIGN NEOPLASM OF BONE AND ARTICULAR CARTILAGE,213,22,2,1.0,2,2,GREEN
216,BENIGN NEOPLASM OF SKIN,216,22,2,1.0,2,2,GREEN
232,CARCINOMA IN SITU OF SKIN,232,22,2,1.0,2,2,GREEN
235,NEOPLASM OF UNCERTAIN BEHAVIOR OF DIGESTIVE AND RESPIRATORY SYSTEMS,235,22,2,1.0,2,2,GREEN
253,DISORDERS OF THE PITUITARY GLAND AND ITS HYPOTHALAMIC CONTROL,253,22,2,1.0,2,2,GREEN
264,VITAMIN A DEFICIENCY,264,22,2,1.0,2,2,GREEN
270,DISORDERS OF AMINO-ACID TRANSPORT AND METABOLISM,270,22,2,1.0,2,2,GREEN
272,DISORDERS OF LIPOID METABOLISM,272,22,2,1.0,2,2,GREEN
278,"OVERWEIGHT, OBESITY AND OTHER HYPERALIMENTATION",278,22,2,1.0,2,2,GREEN
303,ALCOHOL DEPENDENCE SYNDROME,303,22,2,1.0,2,2,GREEN
320,BACTERIAL MENINGITIS,320,22,2,1.0,2,2,GREEN
36,MENINGOCOCCAL MENINGITIS,36,22,3,1.0,3,3,GREEN
437,OTHER AND ILL-DEFINED CEREBROVASCULAR DISEASE,437,22,2,1.0,2,2,GREEN
455,HEMORRHOIDS,455,22,2,1.0,2,2,GREEN
456,VARICOSE VEINS OF OTHER SITES,456,22,2,1.0,2,2,GREEN
495,EXTRINSIC ALLERGIC ALVEOLITIS,495,22,2,1.0,2,2,GREEN
520,DISORDERS OF TOOTH DEVELOPMENT AND ERUPTION,520,22,2,1.0,2,2,GREEN
522,DISEASES OF PULP AND PERIAPICAL TISSUES,522,22,2,1.0,2,2,GREEN
527,DISEASES OF THE SALIVARY GLANDS,527,22,2,1.0,2,2,GREEN
562,DIVERTICULA OF INTESTINE,562,22,2,1.0,2,2,GREEN
583,NEPHRITIS AND NEPHROPATHY NOT SPECIFIED AS ACUTE OR CHRONIC,583,22,2,1.0,2,2,GREEN
595,CYSTITIS,595,22,2,1.0,2,2,GREEN
614,INFLAMMATORY DISEASE OF OVARY FALLOPIAN TUBE PELVIC CELLULAR TISSUE AND PERITONEUM,614,22,2,1.0,2,2,GREEN
620,NONINFLAMMATORY DISORDERS OF OVARY FALLOPIAN TUBE AND BROAD LIGAMENT,620,22,2,1.0,2,2,GREEN
623,NONINFLAMMATORY DISORDERS OF VAGINA,623,22,2,1.0,2,2,GREEN
626,DISORDERS OF MENSTRUATION AND OTHER ABNORMAL BLEEDING FROM FEMALE GENITAL TRACT,626,22,2,1.0,2,2,GREEN
680,CARBUNCLE AND FURUNCLE,680,22,2,1.0,2,2,GREEN
682,OTHER CELLULITIS AND ABSCESS,682,22,2,1.0,2,2,GREEN
709,OTHER DISORDERS OF SKIN AND SUBCUTANEOUS TISSUE,709,22,2,1.0,2,2,GREEN
72,MUMPS,72,22,2,1.0,2,2,GREEN
723,OTHER DISORDERS OF CERVICAL REGION,723,22,2,1.0,2,2,GREEN
732,OSTEOCHONDROPATHIES,732,22,2,1.0,2,2,GREEN
739,NONALLOPATHIC LESIONS NOT ELSEWHERE CLASSIFIED,739,22,2,1.0,2,2,GREEN
741,SPINA BIFIDA,741,22,3,1.0,3,3,GREEN
761,FETUS OR NEWBORN AFFECTED BY MATERNAL COMPLICATIONS OF PREGNANCY,761,22,2,1.0,2,2,GREEN
762,FETUS OR NEWBORN AFFECTED BY COMPLICATIONS OF PLACENTA CORD AND MEMBRANES,762,22,2,1.0,2,2,GREEN
776,HEMATOLOGICAL DISORDERS OF NEWBORN,776,22,2,1.0,2,2,GREEN
778,CONDITIONS INVOLVING THE INTEGUMENT AND TEMPERATURE REGULATION OF FETUS AND NEWBORN,778,22,2,1.0,2,2,GREEN
810,FRACTURE OF CLAVICLE,810,22,2,1.0,2,2,GREEN
816,FRACTURE OF ONE OR MORE PHALANGES OF HAND,816,22,2,1.0,2,2,GREEN
82,TICK-BORNE RICKETTSIOSES,82,22,2,1.0,2,2,GREEN
824,FRACTURE OF ANKLE,824,22,2,1.0,2,2,GREEN
835,DISLOCATION OF HIP,835,22,2,1.0,2,2,GREEN
84,MALARIA,84,22,2,1.0,2,2,GREEN
840,SPRAINS AND STRAINS OF SHOULDER AND UPPER ARM,840,22,2,1.0,2,2,GREEN
866,INJURY TO KIDNEY,866,22,2,1.0,2,2,GREEN
878,OPEN WOUND OF GENITAL ORGANS (EXTERNAL) INCLUDING TRAUMATIC AMPUTATION,878,22,2,1.0,2,2,GREEN
879,OPEN WOUND OF OTHER AND UNSPECIFIED SITES EXCEPT LIMBS,879,22,2,1.0,2,2,GREEN
905,LATE EFFECTS OF MUSCULOSKELETAL AND CONNECTIVE TISSUE INJURIES,905,22,2,1.0,2,2,GREEN
906,LATE EFFECTS OF INJURIES TO SKIN AND SUBCUTANEOUS TISSUES,906,22,2,1.0,2,2,GREEN
910,SUPERFICIAL INJURY OF FACE NECK AND SCALP EXCEPT EYE,910,22,2,1.0,2,2,GREEN
911,SUPERFICIAL INJURY OF TRUNK,911,22,2,1.0,2,2,GREEN
912,SUPERFICIAL INJURY OF SHOULDER AND UPPER ARM,912,22,2,1.0,2,2,GREEN
913,SUPERFICIAL INJURY OF ELBOW FOREARM AND WRIST,913,22,2,1.0,2,2,GREEN
914,SUPERFICIAL INJURY OF HAND(S) EXCEPT FINGER(S) ALONE,914,22,2,1.0,2,2,GREEN
915,SUPERFICIAL INJURY OF FINGER(S),915,22,2,1.0,2,2,GREEN
916,SUPERFICIAL INJURY OF HIP THIGH LEG AND ANKLE,916,22,2,1.0,2,2,GREEN
917,SUPERFICIAL INJURY OF FOOT AND TOE(S),917,22,2,1.0,2,2,GREEN
919,SUPERFICIAL INJURY OF OTHER MULTIPLE AND UNSPECIFIED SITES,919,22,2,1.0,2,2,GREEN
922,CONTUSION OF TRUNK,922,22,2,1.0,2,2,GREEN
95,OTHER FORMS OF LATE SYPHILIS WITH SYMPTOMS,95,22,2,1.0,2,2,GREEN
951,INJURY TO OTHER CRANIAL NERVE(S),951,22,2,1.0,2,2,GREEN
955,INJURY TO PERIPHERAL NERVE(S) OF SHOULDER GIRDLE AND UPPER LIMB,955,22,2,1.0,2,2,GREEN
960,POISONING BY ANTIBIOTICS,960,22,2,1.0,2,2,GREEN
961,POISONING BY OTHER ANTI-INFECTIVES,961,22,2,1.0,2,2,GREEN
962,POISONING BY HORMONES AND SYNTHETIC SUBSTITUTES,962,22,2,1.0,2,2,GREEN
964,POISONING BY AGENTS PRIMARILY AFFECTING BLOOD CONSTITUENTS,964,22,2,1.0,2,2,GREEN
976,POISONING BY AGENTS PRIMARILY AFFECTING SKIN AND MUCOUS MEMBRANE OPHTHALMOLOGICAL OTORHINOLARYNGOLOGICAL AND DENTAL DRUGS,976,22,2,1.0,2,2,GREEN
992,EFFECTS OF HEAT AND LIGHT,992,22,2,1.0,2,2,GREEN
994,EFFECTS OF OTHER EXTERNAL CAUSES,994,22,2,1.0,2,2,GREEN
E810,MOTOR VEHICLE TRAFFIC ACCIDENT INVOLVING COLLISION WITH TRAIN,E810,22,2,1.0,2,2,GREEN
E812,OTHER MOTOR VEHICLE TRAFFIC ACCIDENT INVOLVING COLLISION WITH MOTOR VEHICLE,E812,22,2,1.0,2,2,GREEN
E813,MOTOR VEHICLE TRAFFIC ACCIDENT INVOLVING COLLISION WITH OTHER VEHICLE,E813,22,2,1.0,2,2,GREEN
E814,MOTOR VEHICLE TRAFFIC ACCIDENT INVOLVING COLLISION WITH PEDESTRIAN,E814,22,2,1.0,2,2,GREEN
E816,MOTOR VEHICLE TRAFFIC ACCIDENT DUE TO LOSS OF CONTROL WITHOUT COLLISION ON THE HIGHWAY,E816,22,2,1.0,2,2,GREEN
E818,OTHER NONCOLLISION MOTOR VEHICLE TRAFFIC ACCIDENT,E818,22,2,1.0,2,2,GREEN
E819,MOTOR VEHICLE TRAFFIC ACCIDENT OF UNSPECIFIED NATURE,E819,22,2,1.0,2,2,GREEN
E820,NONTRAFFIC ACCIDENT INVOLVING MOTOR-DRIVEN SNOW VEHICLE,E820,22,2,1.0,2,2,GREEN
E821,NONTRAFFIC ACCIDENT INVOLVING OTHER OFF-ROAD MOTOR VEHICLE,E821,22,2,1.0,2,2,GREEN
E849,PLACE OF OCCURRENCE,E849,22,2,1.0,2,2,GREEN
E917,STRIKING AGAINST OR STRUCK ACCIDENTALLY BY OBJECTS OR PERSONS,E917,22,2,1.0,2,2,GREEN
E928,OTHER AND UNSPECIFIED ENVIRONMENTAL AND ACCIDENTAL CAUSES,E928,22,2,1.0,2,2,GREEN
E932,HORMONES AND SYNTHETIC SUBSTITUTES CAUSING ADVERSE EFFECTS IN THERAPEUTIC USE,E932,22,2,1.0,2,2,GREEN
E980,POISONING BY SOLID OR LIQUID SUBSTANCES UNDETERMINED WHETHER ACCIDENTALLY OR PURPOSELY INFLICTED,E980,22,2,1.0,2,2,GREEN
V14,PERSONAL HISTORY OF ALLERGY TO MEDICINAL AGENTS,V14,22,2,1.0,2,2,GREEN
V21,PERIOD OF RAPID GROWTH IN CHILDHOOD,V21.0,22,2,1.0,2,2,GREEN
V41,PROBLEMS WITH SPECIAL SENSES AND OTHER SPECIAL FUNCTIONS,V41,22,2,1.0,2,2,GREEN
V46,OTHER DEPENDENCE ON MACHINES AND DEVICES,V46,22,2,1.0,2,2,GREEN
V48,PROBLEMS WITH HEAD NECK AND TRUNK,V48,22,2,1.0,2,2,GREEN
V50,ELECTIVE SURGERY FOR PURPOSES OTHER THAN REMEDYING HEALTH STATES,V50,22,2,1.0,2,2,GREEN
V55,ATTENTION TO ARTIFICIAL OPENINGS,V55,22,2,1.0,2,2,GREEN
V70,GENERAL MEDICAL EXAMINATION,V70,22,2,1.0,2,2,GREEN
V75,SPECIAL SCREENING EXAMINATION FOR OTHER INFECTIOUS DISEASES,V75,22,2,1.0,2,2,GREEN
230,CARCINOMA IN SITU OF LIP ORAL CAVITY AND PHARYNX,230,21,2,1.0,2,2,GREEN
901,INJURY TO THORACIC AORTA,901,21,2,1.0,2,2,GREEN
E002,SWIMMING,E002.0,21,2,1.0,2,2,GREEN
E007,AMERICAN TACKLE FOOTBALL,E007.0,21,2,1.0,2,2,GREEN
E858,ACCIDENTAL POISONING BY HORMONES AND SYNTHETIC SUBSTITUTES,E858.0,21,2,1.0,2,2,GREEN
E905,VENOMOUS SNAKES AND LIZARDS CAUSING POISONING AND TOXIC REACTIONS,E905.0,21,2,1.0,2,2,GREEN
E967,PERPETRATOR OF CHILD AND ADULT ABUSE BY FATHER STEPFATHER OR BOYFRIEND,E967.0,21,2,1.0,2,2,GREEN
E993,INJURY DUE TO WAR OPERATIONS BY AERIAL BOMB,E993.0,21,2,1.0,2,2,GREEN
110,DERMATOPHYTOSIS,110,20,2,1.0,2,2,GREEN
121,OTHER TREMATODE INFECTIONS,121,20,2,1.0,2,2,GREEN
123,OTHER CESTODE INFECTION,123,20,2,1.0,2,2,GREEN
127,ASCARIASIS,127,20,2,1.0,2,2,GREEN
130,TOXOPLASMOSIS,130,20,2,1.0,2,2,GREEN
141,MALIGNANT NEOPLASM OF TONGUE,141,20,2,1.0,2,2,GREEN
145,MALIGNANT NEOPLASM OF OTHER AND UNSPECIFIED PARTS OF MOUTH,145,20,2,1.0,2,2,GREEN
151,MALIGNANT NEOPLASM OF STOMACH,151,20,2,1.0,2,2,GREEN
171,MALIGNANT NEOPLASM OF CONNECTIVE AND OTHER SOFT TISSUE,171,20,2,1.0,2,2,GREEN
174,MALIGNANT NEOPLASM OF FEMALE BREAST,174,20,2,1.0,2,2,GREEN
187,MALIGNANT NEOPLASM OF PENIS AND OTHER MALE GENITAL ORGANS,187,20,2,1.0,2,2,GREEN
197,SECONDARY MALIGNANT NEOPLASM OF RESPIRATORY AND DIGESTIVE SYSTEMS,197,20,2,1.0,2,2,GREEN
215,OTHER BENIGN NEOPLASM OF CONNECTIVE AND OTHER SOFT TISSUE,215,20,2,1.0,2,2,GREEN
224,BENIGN NEOPLASM OF EYEBALL EXCEPT CONJUNCTIVA CORNEA RETINA AND CHOROID,224,20,2,1.0,2,2,GREEN
256,OVARIAN DYSFUNCTION,256,20,2,1.0,2,2,GREEN
285,OTHER AND UNSPECIFIED ANEMIAS,285,20,2,1.0,2,2,GREEN
293,TRANSIENT MENTAL DISORDERS DUE TO CONDITIONS CLASSIFIED ELSEWHERE,293,20,2,1.0,2,2,GREEN
294,PERSISTENT MENTAL DISORDERS DUE TO CONDITIONS CLASSIFIED ELSEWHERE,294,20,2,1.0,2,2,GREEN
353,NERVE ROOT AND PLEXUS DISORDERS,353,20,2,1.0,2,2,GREEN
382,SUPPURATIVE AND UNSPECIFIED OTITIS MEDIA,382,20,2,1.0,2,2,GREEN
40,GAS GANGRENE,40,20,2,0.9,2,"2,3",GREEN
402,HYPERTENSIVE HEART DISEASE,402,20,2,1.0,2,2,GREEN
403,HYPERTENSIVE CHRONIC KIDNEY DISEASE,403,20,2,1.0,2,2,GREEN
434,OCCLUSION OF CEREBRAL ARTERIES,434,20,2,1.0,2,2,GREEN
5,OTHER FOOD POISONING (BACTERIAL),5,20,2,1.0,2,2,GREEN
512,PNEUMOTHORAX AND AIR LEAK,512,20,2,1.0,2,2,GREEN
529,DISEASES AND OTHER CONDITIONS OF THE TONGUE,529,20,2,1.0,2,2,GREEN
556,ULCERATIVE ENTEROCOLITIS,556,20,2,1.0,2,2,GREEN
58,ROSEOLA INFANTUM UNSPECIFIED,58.1,20,2,1.0,2,2,GREEN
6,AMEBIASIS,6,20,2,1.0,2,2,GREEN
617,ENDOMETRIOSIS,617,20,2,1.0,2,2,GREEN
639,COMPLICATIONS FOLLOWING ABORTION AND ECTOPIC AND MOLAR PREGNANCIES,639,20,2,1.0,2,2,GREEN
713,ARTHROPATHY ASSOCIATED WITH OTHER DISORDERS CLASSIFIED ELSEWHERE,713,20,2,1.0,2,2,GREEN
74,SPECIFIC DISEASES DUE TO COXSACKIE VIRUS,74,20,2,1.0,2,2,GREEN
77,OTHER DISEASES OF CONJUNCTIVA DUE TO VIRUSES AND CHLAMYDIAE,77,20,2,1.0,2,2,GREEN
791,NONSPECIFIC FINDINGS ON EXAMINATION OF URINE,791,20,2,1.0,2,2,GREEN
850,CONCUSSION,850,20,2,1.0,2,2,GREEN
871,OPEN WOUND OF EYEBALL,871,20,2,1.0,2,2,GREEN
968,POISONING BY OTHER CENTRAL NERVOUS SYSTEM DEPRESSANTS AND ANESTHETICS,968,20,2,1.0,2,2,GREEN
973,POISONING BY AGENTS PRIMARILY AFFECTING THE GASTROINTESTINAL SYSTEM,973,20,2,1.0,2,2,GREEN
978,POISONING BY BACTERIAL VACCINES,978,20,2,1.0,2,2,GREEN
E873,FAILURE IN DOSAGE,E873,20,2,1.0,2,2,GREEN
E937,SEDATIVES AND HYPNOTICS CAUSING ADVERSE EFFECTS IN THERAPEUTIC USE,E937,20,2,1.0,2,2,GREEN
E939,ANTIDEPRESSANTS CAUSING ADVERSE EFFECTS IN THERAPEUTIC USE,E939.0,20,2,1.0,2,2,GREEN
V06,NEED FOR PROPHYLACTIC VACCINATION AND INOCULATION AGAINST COMBINATIONS OF DISEASES,V06,20,2,1.0,2,2,GREEN
V68,ENCOUNTERS FOR ADMINISTRATIVE PURPOSES,V68,20,2,1.0,2,2,GREEN
V74,SPECIAL SCREENING EXAMINATION FOR BACTERIAL AND SPIROCHETAL DISEASES,V74,20,2,1.0,2,2,GREEN
644,THREATENED PREMATURE LABOR,644,19,2,1.0,2,2,GREEN
972,POISONING BY CARDIAC RHYTHM REGULATORS,972,19,2,1.0,2,2,GREEN
987,TOXIC EFFECT OF LIQUEFIED PETROLEUM GASES,987,19,2,1.0,2,2,GREEN
991,FROSTBITE OF FACE,991,19,2,1.0,2,2,GREEN
E825,OTHER MOTOR VEHICLE NONTRAFFIC ACCIDENT OF OTHER AND UNSPECIFIED NATURE INJURING DRIVER OF MOTOR VEHICLE OTHER THAN MOTORCYCLE,E825.0,19,2,1.0,2,2,GREEN
E919,ACCIDENTS CAUSED BY AGRICULTURAL MACHINES,E919.0,19,2,1.0,2,2,GREEN
E950,SUICIDE AND SELF-INFLICTED POISONING BY ANALGESICS ANTIPYRETICS AND ANTIRHEUMATICS,E950.0,19,2,1.0,2,2,GREEN
131,TRICHOMONIASIS,131,18,2,1.0,2,2,GREEN
140,MALIGNANT NEOPLASM OF LIP,140,18,2,1.0,2,2,GREEN
160,MALIGNANT NEOPLASM OF NASAL CAVITIES MIDDLE EAR AND ACCESSORY SINUSES,160,18,2,1.0,2,2,GREEN
176,KAPOSI'S SARCOMA,176,18,2,1.0,2,2,GREEN
194,MALIGNANT NEOPLASM OF OTHER ENDOCRINE GLANDS AND RELATED STRUCTURES,194,18,2,1.0,2,2,GREEN
196,SECONDARY AND UNSPECIFIED MALIGNANT NEOPLASM OF LYMPH NODES,196,18,2,1.0,2,2,GREEN
20,PLAGUE,20,18,2,1.0,2,2,GREEN
223,BENIGN NEOPLASM OF KIDNEY AND OTHER URINARY ORGANS,223,18,2,1.0,2,2,GREEN
227,BENIGN NEOPLASM OF OTHER ENDOCRINE GLANDS AND RELATED STRUCTURES,227,18,2,1.0,2,2,GREEN
228,HEMANGIOMA AND LYMPHANGIOMA ANY SITE,228,18,2,1.0,2,2,GREEN
251,OTHER DISORDERS OF PANCREATIC INTERNAL SECRETION,251,18,2,1.0,2,2,GREEN
252,DISORDERS OF PARATHYROID GLAND,252,18,2,1.0,2,2,GREEN
341,OTHER DEMYELINATING DISEASES OF CENTRAL NERVOUS SYSTEM,341,18,2,1.0,2,2,GREEN
352,DISORDERS OF OTHER CRANIAL NERVES,352,18,2,1.0,2,2,GREEN
354,MONONEURITIS OF UPPER LIMB AND MONONEURITIS MULTIPLEX,354,18,2,1.0,2,2,GREEN
405,MALIGNANT RENOVASCULAR HYPERTENSION,405.01,18,2,1.0,2,2,GREEN
424,OTHER DISEASES OF ENDOCARDIUM,424,18,2,1.0,2,2,GREEN
491,CHRONIC BRONCHITIS,491,18,2,1.0,2,2,GREEN
55,MEASLES,55,18,2,1.0,2,2,GREEN
573,OTHER DISORDERS OF LIVER,573,18,2,1.0,2,2,GREEN
576,OTHER DISORDERS OF BILIARY TRACT,576,18,2,1.0,2,2,GREEN
581,NEPHROTIC SYNDROME,581,18,2,1.0,2,2,GREEN
582,CHRONIC GLOMERULONEPHRITIS,582,18,2,1.0,2,2,GREEN
62,MOSQUITO-BORNE VIRAL ENCEPHALITIS,62,18,2,1.0,2,2,GREEN
678,OTHER FETAL CONDITIONS,678,18,3,1.0,3,3,GREEN
681,CELLULITIS AND ABSCESS OF FINGER AND TOE,681,18,2,1.0,2,2,GREEN
701,OTHER HYPERTROPHIC AND ATROPHIC CONDITIONS OF SKIN,701,18,2,1.0,2,2,GREEN
708,URTICARIA,708,18,2,1.0,2,2,GREEN
710,DIFFUSE DISEASES OF CONNECTIVE TISSUE,710,18,2,0.8888888888888888,3,"2,3",GREEN
735,ACQUIRED DEFORMITIES OF TOE,735,18,2,1.0,2,2,GREEN
834,DISLOCATION OF FINGER,834,18,2,1.0,2,2,GREEN
867,INJURY TO BLADDER AND URETHRA WITHOUT OPEN WOUND INTO CAVITY,867,18,2,1.0,2,2,GREEN
887,TRAUMATIC AMPUTATION OF ARM AND HAND (COMPLETE) (PARTIAL),887,18,2,1.0,2,2,GREEN
897,TRAUMATIC AMPUTATION OF LEG(S) (COMPLETE) (PARTIAL),897,18,2,1.0,2,2,GREEN
953,INJURY TO NERVE ROOTS AND SPINAL PLEXUS,953,18,2,1.0,2,2,GREEN
956,INJURY TO PERIPHERAL NERVE(S) OF PELVIC GIRDLE AND LOWER LIMB,956,18,2,1.0,2,2,GREEN
963,POISONING BY PRIMARILY SYSTEMIC AGENTS,963,18,2,1.0,2,2,GREEN
967,POISONING BY BARBITURATES,967,18,2,1.0,2,2,GREEN
E838,OTHER AND UNSPECIFIED WATER TRANSPORT ACCIDENT INJURING OCCUPANT OF SMALL BOAT UNPOWERED,E838.0,18,2,1.0,2,2,GREEN
E878,SURGICAL OPERATION WITH TRANSPLANT OF WHOLE ORGAN CAUSING ABNORMAL PATIENT REACTION OR LATER COMPLICATION WITHOUT MISADVENTURE AT TIME OF OPERATION,E878.0,18,2,1.0,2,2,GREEN
E879,CARDIAC CATHETERIZATION AS THE CAUSE OF ABNORMAL REACTION OF PATIENT OR OF LATER COMPLICATION WITHOUT MISADVENTURE AT TIME OF PROCEDURE,E879.0,18,2,1.0,2,2,GREEN
E884,OTHER ACCIDENTAL FALLS FROM ONE LEVEL TO ANOTHER,E884,18,2,1.0,2,2,GREEN
E906,OTHER INJURY CAUSED BY ANIMALS,E906,18,2,1.0,2,2,GREEN
E920,ACCIDENTS CAUSED BY CUTTING AND PIERCING INSTRUMENTS OR OBJECTS,E920,18,2,1.0,2,2,GREEN
E922,ACCIDENT CAUSED BY FIREARM AND AIR GUN MISSILE,E922,18,2,1.0,2,2,GREEN
E929,LATE EFFECTS OF ACCIDENTAL INJURY,E929,18,2,1.0,2,2,GREEN
E930,PENICILLINS CAUSING ADVERSE EFFECTS IN THERAPEUTIC USE,E930.0,18,2,1.0,2,2,GREEN
E933,ANTIALLERGIC AND ANTIEMETIC DRUGS CAUSING ADVERSE EFFECTS IN THERAPEUTIC USE,E933.0,18,2,1.0,2,2,GREEN
E935,METHADONE CAUSING AVERSE EFFECTS IN THERAPEUTIC USE,E935.1,18,2,1.0,2,2,GREEN
E942,CARDIAC RHYTHM REGULATORS CAUSING ADVERSE EFFECTS IN THERAPEUTIC USE,E942.0,18,2,1.0,2,2,GREEN
V66,CONVALESCENCE FOLLOWING SURGERY,V66.0,18,2,1.0,2,2,GREEN
V84,GENETIC SUSCEPTIBILITY TO MALIGNANT NEOPLASM OF BREAST,V84.01,18,2,1.0,2,2,GREEN
125,BANCROFTIAN FILARIASIS,125,17,2,1.0,2,2,GREEN
150,MALIGNANT NEOPLASM OF CERVICAL ESOPHAGUS,150,17,2,1.0,2,2,GREEN
667,RETAINED PLACENTA WITHOUT HEMORRHAGE,667,17,2,1.0,2,2,GREEN
908,LATE EFFECT OF INTERNAL INJURY TO CHEST,908,17,2,1.0,2,2,GREEN
975,POISONING BY OXYTOCIC AGENTS,975,17,2,1.0,2,2,GREEN
E006,ROLLER SKATING (INLINE) AND SKATEBOARDING,E006.0,17,2,1.0,2,2,GREEN
E013,PERSONAL BATHING AND SHOWERING,E013.0,17,2,1.0,2,2,GREEN
E850,ACCIDENTAL POISONING BY HEROIN,E850.0,17,2,1.0,2,2,GREEN
E931,SULFONAMIDES CAUSING ADVERSE EFFECTS IN THERAPEUTIC USE,E931.0,17,2,1.0,2,2,GREEN
E968,ASSAULT BY STRIKING BY BLUNT OR THROWN OBJECT,E968.2,17,2,1.0,2,2,GREEN
V27,MOTHER WITH SINGLE LIVEBORN,V27.0,17,2,1.0,2,2,GREEN
114,COCCIDIOIDOMYCOSIS,114,16,2,1.0,2,2,GREEN
157,MALIGNANT NEOPLASM OF PANCREAS,157,16,2,1.0,2,2,GREEN
162,MALIGNANT NEOPLASM OF TRACHEA BRONCHUS AND LUNG,162,16,2,1.0,2,2,GREEN
183,MALIGNANT NEOPLASM OF OVARY AND OTHER UTERINE ADNEXA,183,16,2,1.0,2,2,GREEN
184,MALIGNANT NEOPLASM OF OTHER AND UNSPECIFIED FEMALE GENITAL ORGANS,184,16,2,1.0,2,2,GREEN
189,MALIGNANT NEOPLASM OF KIDNEY AND OTHER AND UNSPECIFIED URINARY ORGANS,189,16,2,1.0,2,2,GREEN
195,MALIGNANT NEOPLASM OF OTHER AND ILL-DEFINED SITES,195,16,2,1.0,2,2,GREEN
214,LIPOMA,214,16,2,1.0,2,2,GREEN
222,BENIGN NEOPLASM OF MALE GENITAL ORGANS,222,16,2,1.0,2,2,GREEN
225,BENIGN NEOPLASM OF BRAIN AND OTHER PARTS OF NERVOUS SYSTEM,225,16,2,1.0,2,2,GREEN
245,THYROIDITIS,245,16,2,1.0,2,2,GREEN
271,DISORDERS OF CARBOHYDRATE TRANSPORT AND METABOLISM,271,16,2,1.0,2,2,GREEN
273,DISORDERS OF PLASMA PROTEIN METABOLISM,273,16,2,0.875,3,"2,3",GREEN
281,OTHER DEFICIENCY ANEMIAS,281,16,2,1.0,2,2,GREEN
283,ACQUIRED HEMOLYTIC ANEMIAS,283,16,2,1.0,2,2,GREEN
298,OTHER NONORGANIC PSYCHOSES,298,16,2,1.0,2,2,GREEN
310,SPECIFIC NONPSYCHOTIC MENTAL DISORDERS DUE TO ORGANIC BRAIN DAMAGE,310,16,2,1.0,2,2,GREEN
314,HYPERKINETIC SYNDROME OF CHILDHOOD,314,16,2,1.0,2,2,GREEN
334,SPINOCEREBELLAR DISEASE,334,16,2,1.0,2,2,GREEN
343,INFANTILE CEREBRAL PALSY,343,16,2,1.0,2,2,GREEN
356,HEREDITARY AND IDIOPATHIC PERIPHERAL NEUROPATHY,356,16,2,1.0,2,2,GREEN
39,ACTINOMYCOTIC INFECTIONS,39,16,2,1.0,2,2,GREEN
422,ACUTE MYOCARDITIS,422,16,2,1.0,2,2,GREEN
458,HYPOTENSION,458,16,2,1.0,2,2,GREEN
558,OTHER AND UNSPECIFIED NONINFECTIOUS GASTROENTERITIS AND COLITIS,558,16,2,1.0,2,2,GREEN
579,INTESTINAL MALABSORPTION,579,16,2,1.0,2,2,GREEN
585,CHRONIC KIDNEY DISEASE (CKD),585,16,2,1.0,2,2,GREEN
598,URETHRAL STRICTURE,598,16,2,1.0,2,2,GREEN
601,INFLAMMATORY DISEASES OF PROSTATE,601,16,2,1.0,2,2,GREEN
610,BENIGN MAMMARY DYSPLASIAS,610,16,2,1.0,2,2,GREEN
627,MENOPAUSAL AND POSTMENOPAUSAL DISORDERS,627,16,2,1.0,2,2,GREEN
628,FEMALE INFERTILITY,628,16,2,1.0,2,2,GREEN
65,ARTHROPOD-BORNE HEMORRHAGIC FEVER,65,16,2,1.0,2,2,GREEN
686,OTHER LOCAL INFECTIONS OF SKIN AND SUBCUTANEOUS TISSUE,686,16,2,1.0,2,2,GREEN
696,PSORIASIS AND SIMILAR DISORDERS,696,16,2,1.0,2,2,GREEN
698,PRURITUS AND RELATED CONDITIONS,698,16,2,1.0,2,2,GREEN
720,ANKYLOSING SPONDYLITIS AND OTHER INFLAMMATORY SPONDYLOPATHIES,720,16,2,1.0,2,2,GREEN
870,OPEN WOUND OF OCULAR ADNEXA,870,16,2,1.0,2,2,GREEN
907,LATE EFFECTS OF INJURIES TO THE NERVOUS SYSTEM,907,16,2,1.0,2,2,GREEN
940,BURN CONFINED TO EYE AND ADNEXA,940,16,2,1.0,2,2,GREEN
985,TOXIC EFFECT OF MERCURY AND ITS COMPOUNDS,985,16,2,1.0,2,2,GREEN
993,EFFECTS OF AIR PRESSURE,993,16,2,1.0,2,2,GREEN
E826,PEDAL CYCLE ACCIDENT,E826,16,2,1.0,2,2,GREEN
E866,ACCIDENTAL POISONING BY MERCURY AND ITS COMPOUNDS AND FUMES,E866.1,16,2,1.0,2,2,GREEN
E908,ACCIDENT DUE TO CATACLYSMIC STORMS AND FLOODS RESULTING FROM STORMS,E908,16,2,1.0,2,2,GREEN
E927,OVEREXERTION AND STRENUOUS AND REPETITIVE MOVEMENTS OR LOADS,E927,16,2,1.0,2,2,GREEN
E934,LIVER PREPARATIONS AND OTHER ANTIANEMIC AGENTS CAUSING ADVERSE EFFECTS IN THERAPEUTIC USE,E934.1,16,2,1.0,2,2,GREEN
E946,LOCAL ANTI-INFECTIVES AND ANTI-INFLAMMATORY DRUGS CAUSING ADVERSE EFFECTS IN THERAPEUTIC USE,E946.0,16,2,1.0,2,2,GREEN
E991,INJURY DUE TO WAR OPERATIONS FROM FRAGMENTS FROM MUNITIONS,E991.4,16,2,1.0,2,2,GREEN
V05,NEED FOR OTHER PROPHYLACTIC VACCINATION AND INOCULATION AGAINST SINGLE DISEASES,V05,16,2,1.0,2,2,GREEN
V11,PERSONAL HISTORY OF MENTAL DISORDER,V11,16,2,1.0,2,2,GREEN
V40,MENTAL AND BEHAVIORAL PROBLEMS,V40,16,2,1.0,2,2,GREEN
V69,LACK OF PHYSICAL EXERCISE,V69.0,16,2,1.0,2,2,GREEN
V81,SPECIAL SCREENING FOR CARDIOVASCULAR RESPIRATORY AND GENITOURINARY DISEASES,V81,16,2,1.0,2,2,GREEN
V89,OTHER SUSPECTED CONDITIONS NOT FOUND,V89,16,2,1.0,2,2,GREEN
258,POLYGLANDULAR ACTIVITY IN MULTIPLE ENDOCRINE ADENOMATOSIS,258,15,2,1.0,2,2,GREEN
7,BALANTIDIASIS,7,15,2,1.0,2,2,GREEN
909,LATE EFFECT OF POISONING DUE TO DRUG MEDICINAL OR BIOLOGICAL SUBSTANCE,909,15,2,1.0,2,2,GREEN
926,CRUSHING INJURY OF EXTERNAL GENITALIA,926,15,2,1.0,2,2,GREEN
947,BURN OF MOUTH AND PHARYNX,947,15,2,1.0,2,2,GREEN
E009,EXERCISE MACHINES PRIMARILY FOR CARDIORESPIRATORY CONDITIONING,E009.0,15,2,1.0,2,2,GREEN
E815,OTHER MOTOR VEHICLE TRAFFIC ACCIDENT INVOLVING COLLISION ON THE HIGHWAY INJURING DRIVER OF MOTOR VEHICLE OTHER THAN MOTORCYCLE,E815.0,15,2,1.0,2,2,GREEN
E824,OTHER MOTOR VEHICLE NONTRAFFIC ACCIDENT WHILE BOARDING AND ALIGHTING INJURING DRIVER OF MOTOR VEHICLE OTHER THAN MOTORCYCLE,E824.0,15,2,1.0,2,2,GREEN
E831,ACCIDENT TO WATERCRAFT CAUSING OTHER INJURY TO OCCUPANT OF SMALL BOAT POWERED,E831.1,15,2,1.0,2,2,GREEN
E876,PERFORMANCE OF WRONG OPERATION (PROCEDURE) ON CORRECT PATIENT,E876.5,15,2,1.0,2,2,GREEN
E926,EXPOSURE TO RADIOFREQUENCY RADIATION,E926.0,15,2,1.0,2,2,GREEN
E944,PURINE DERIVATIVE DIURETICS CAUSING ADVERSE EFFECTS IN THERAPEUTIC USE,E944.1,15,2,1.0,2,2,GREEN
E958,SUICIDE AND SELF-INFLICTED INJURY BY CRASHING OF MOTOR VEHICLE,E958.5,15,2,1.0,2,2,GREEN
E988,INJURY BY ELECTROCUTION UNDETERMINED WHETHER ACCIDENTALLY OR PURPOSELY INFLICTED,E988.4,15,2,1.0,2,2,GREEN
E995,INJURY DUE TO WAR OPERATIONS BY HAND-TO-HAND COMBAT,E995.0,15,2,1.0,2,2,GREEN
V47,DEFICIENCIES OF INTERNAL ORGANS,V47.0,15,2,1.0,2,2,GREEN
111,DERMATOMYCOSIS OTHER AND UNSPECIFIED,111,14,2,1.0,2,2,GREEN
147,MALIGNANT NEOPLASM OF NASOPHARYNX,147,14,2,1.0,2,2,GREEN
161,MALIGNANT NEOPLASM OF LARYNX,161,14,2,1.0,2,2,GREEN
164,MALIGNANT NEOPLASM OF THYMUS HEART AND MEDIASTINUM,164,14,2,1.0,2,2,GREEN
22,ANTHRAX,22,14,2,1.0,2,2,GREEN
23,BRUCELLOSIS,23,14,2,1.0,2,2,GREEN
244,ACQUIRED HYPOTHYROIDISM,244,14,2,1.0,2,2,GREEN
246,OTHER DISORDERS OF THYROID,246,14,2,1.0,2,2,GREEN
30,LEPROSY,30,14,2,1.0,2,2,GREEN
308,ACUTE REACTION TO STRESS,308,14,2,1.0,2,2,GREEN
321,MENINGITIS DUE TO OTHER ORGANISMS,321,14,2,1.0,2,2,GREEN
330,CEREBRAL DEGENERATIONS USUALLY MANIFEST IN CHILDHOOD,330,14,2,1.0,2,2,GREEN
336,OTHER DISEASES OF SPINAL CORD,336,14,2,1.0,2,2,GREEN
347,CATAPLEXY AND NARCOLEPSY,347,14,2,1.0,2,2,GREEN
396,DISEASES OF MITRAL AND AORTIC VALVES,396,14,2,1.0,2,2,GREEN
415,ACUTE PULMONARY HEART DISEASE,415,14,2,1.0,2,2,GREEN
423,OTHER DISEASES OF PERICARDIUM,423,14,2,1.0,2,2,GREEN
435,TRANSIENT CEREBRAL ISCHEMIA,435,14,2,1.0,2,2,GREEN
461,ACUTE SINUSITIS,461,14,2,1.0,2,2,GREEN
473,CHRONIC SINUSITIS,473,14,2,1.0,2,2,GREEN
480,VIRAL PNEUMONIA,480,14,2,1.0,2,2,GREEN
484,PNEUMONIA IN INFECTIOUS DISEASES CLASSIFIED ELSEWHERE,484,14,2,1.0,2,2,GREEN
506,RESPIRATORY CONDITIONS DUE TO CHEMICAL FUMES AND VAPORS,506,14,2,1.0,2,2,GREEN
51,COWPOX AND PARAVACCINIA,51,14,2,1.0,2,2,GREEN
511,PLEURISY,511,14,2,1.0,2,2,GREEN
52,CHICKENPOX,52,14,2,1.0,2,2,GREEN
568,OTHER DISORDERS OF PERITONEUM,568,14,2,1.0,2,2,GREEN
580,ACUTE GLOMERULONEPHRITIS,580,14,2,1.0,2,2,GREEN
588,DISORDERS RESULTING FROM IMPAIRED RENAL FUNCTION,588,14,2,1.0,2,2,GREEN
602,OTHER DISORDERS OF PROSTATE,602,14,2,1.0,2,2,GREEN
638,FAILED ATTEMPTED ABORTION COMPLICATED BY GENITAL TRACT AND PELVIC INFECTION,638,14,2,1.0,2,2,GREEN
690,ERYTHEMATOSQUAMOUS DERMATOSIS,690,14,2,1.0,2,2,GREEN
706,DISEASES OF SEBACEOUS GLANDS,706,14,2,1.0,2,2,GREEN
773,HEMOLYTIC DISEASE OF FETUS OR NEWBORN DUE TO ISOIMMUNIZATION,773,14,2,1.0,2,2,GREEN
792,NONSPECIFIC ABNORMAL FINDINGS IN CEREBROSPINAL FLUID,792,14,2,1.0,2,2,GREEN
841,SPRAINS AND STRAINS OF ELBOW AND FOREARM,841,14,2,1.0,2,2,GREEN
844,SPRAINS AND STRAINS OF KNEE AND LEG,844,14,2,1.0,2,2,GREEN
846,SPRAINS AND STRAINS OF SACROILIAC REGION,846,14,2,1.0,2,2,GREEN
847,SPRAINS AND STRAINS OF OTHER AND UNSPECIFIED PARTS OF BACK,847,14,2,1.0,2,2,GREEN
860,TRAUMATIC PNEUMOTHORAX AND HEMOTHORAX,860,14,2,1.0,2,2,GREEN
88,OTHER ARTHROPOD-BORNE DISEASES,88,14,2,1.0,2,2,GREEN
946,BURNS OF MULTIPLE SPECIFIED SITES,946,14,2,1.0,2,2,GREEN
949,BURN UNSPECIFIED SITE,949,14,2,1.0,2,2,GREEN
970,POISONING BY CENTRAL NERVOUS SYSTEM STIMULANTS,970,14,2,1.0,2,2,GREEN
980,TOXIC EFFECT OF ALCOHOL,980,14,2,1.0,2,2,GREEN
982,TOXIC EFFECT OF SOLVENTS OTHER THAN PETROLEUM-BASED,982,14,2,1.0,2,2,GREEN
E811,MOTOR VEHICLE TRAFFIC ACCIDENT INVOLVING RE-ENTRANT COLLISION WITH ANOTHER MOTOR VEHICLE INJURING DRIVER OF MOTOR VEHICLE OTHER THAN MOTORCYCLE,E811.0,14,2,1.0,2,2,GREEN
E817,NONCOLLISION MOTOR VEHICLE TRAFFIC ACCIDENT WHILE BOARDING OR ALIGHTING INJURING PASSENGER IN MOTOR VEHICLE OTHER THAN MOTORCYCLE,E817.1,14,2,1.0,2,2,GREEN
E823,OTHER MOTOR VEHICLE NONTRAFFIC ACCIDENT INVOLVING COLLISION WITH STATIONARY OBJECT INJURING DRIVER OF MOTOR VEHICLE OTHER THAN MOTORCYCLE,E823.0,14,2,1.0,2,2,GREEN
E855,ACCIDENTAL POISONING BY ANTICONVULSANT AND ANTI-PARKINSONISM DRUGS,E855.0,14,2,1.0,2,2,GREEN
E863,ACCIDENTAL POISONING BY OTHER AND UNSPECIFIED INSECTICIDES,E863.4,14,2,1.0,2,2,GREEN
E865,ACCIDENTAL POISONING BY SHELLFISH,E865.1,14,2,1.0,2,2,GREEN
E885,ACCIDENTAL FALL ON SAME LEVEL FROM SLIPPING TRIPPING OR STUMBLING,E885,14,2,1.0,2,2,GREEN
E949,YELLOW FEVER VACCINE CAUSING ADVERSE EFFECTS IN THERAPEUTIC USE,E949.3,14,2,1.0,2,2,GREEN
E965,ASSAULT BY HANDGUN,E965.0,14,2,1.0,2,2,GREEN
V20,HEALTH SUPERVISION OF INFANT OR CHILD,V20,14,2,1.0,2,2,GREEN
V80,SPECIAL SCREENING FOR NEUROLOGICAL EYE AND EAR DISEASES,V80,14,2,1.0,2,2,GREEN
148,MALIGNANT NEOPLASM OF POSTCRICOID REGION OF HYPOPHARYNX,148,13,2,1.0,2,2,GREEN
192,MALIGNANT NEOPLASM OF CRANIAL NERVES,192,13,2,1.0,2,2,GREEN
269,DEFICIENCY OF VITAMIN K,269,13,2,1.0,2,2,GREEN
297,PARANOID STATE SIMPLE,297,13,2,1.0,2,2,GREEN
56,ARTHRITIS DUE TO RUBELLA,56.71,13,2,1.0,2,2,GREEN
572,ABSCESS OF LIVER,572,13,2,1.0,2,2,GREEN
977,POISONING BY DIETETICS,977,13,2,1.0,2,2,GREEN
979,POISONING BY SMALLPOX VACCINE,979,13,2,1.0,2,2,GREEN
E004,MOUNTAIN CLIMBING ROCK CLIMBING AND WALL CLIMBING,E004.0,13,2,1.0,2,2,GREEN
E005,DANCING,E005.0,13,2,1.0,2,2,GREEN
E008,BOXING,E008.0,13,2,1.0,2,2,GREEN
E834,OTHER FALL FROM ONE LEVEL TO ANOTHER IN WATER TRANSPORT INJURING OCCUPANT OF MILITARY WATERCRAFT ANY TYPE,E834.7,13,2,1.0,2,2,GREEN
E835,OTHER AND UNSPECIFIED FALL IN WATER TRANSPORT INJURING OCCUPANT OF OTHER WATERCRAFT CREW,E835.2,13,2,1.0,2,2,GREEN
E841,ACCIDENT TO POWERED AIRCRAFT OTHER AND UNSPECIFIED INJURING OCCUPANT OF OTHER POWERED AIRCRAFT,E841.5,13,2,1.0,2,2,GREEN
E844,OTHER SPECIFIED AIR TRANSPORT ACCIDENTS INJURING OCCUPANT OF SPACECRAFT,E844.0,13,2,1.0,2,2,GREEN
E945,SMOOTH MUSCLE RELAXANTS CAUSING ADVERSE EFFECTS IN THERAPEUTIC USE,E945.1,13,2,1.0,2,2,GREEN
E992,INJURY DUE TO WAR OPERATIONS BY EXPLOSION OF TORPEDO,E992.0,13,2,1.0,2,2,GREEN
E994,INJURY DUE TO WAR OPERATIONS BY DESTRUCTION OF AIRCRAFT DUE TO ENEMY FIRE OR EXPLOSIVES,E994.0,13,2,1.0,2,2,GREEN
E996,INJURY DUE TO WAR OPERATIONS BY DIRECT BLAST OF NUCLEAR WEAPON,E996.0,13,2,1.0,2,2,GREEN
V29,OBSERVATION FOR SUSPECTED INFECTIOUS CONDITION,V29.0,13,2,1.0,2,2,GREEN
V78,SCREENING FOR IRON DEFICIENCY ANEMIA,V78.0,13,2,1.0,2,2,GREEN
100,LEPTOSPIROSIS,100,12,2,1.0,2,2,GREEN
120,SCHISTOSOMIASIS DUE TO SCHISTOSOMA HAEMATOBIUM,120,12,2,1.0,2,2,GREEN
132,PEDICULOSIS AND PHTHIRUS INFESTATION,132,12,2,1.0,2,2,GREEN
134,OTHER INFESTATION,134,12,2,1.0,2,2,GREEN
142,MALIGNANT NEOPLASM OF MAJOR SALIVARY GLANDS,142,12,2,1.0,2,2,GREEN
152,MALIGNANT NEOPLASM OF DUODENUM,152,12,2,1.0,2,2,GREEN
154,MALIGNANT NEOPLASM OF RECTUM RECTOSIGMOID JUNCTION AND ANUS,154,12,2,1.0,2,2,GREEN
156,MALIGNANT NEOPLASM OF GALLBLADDER AND EXTRAHEPATIC BILE DUCTS,156,12,2,1.0,2,2,GREEN
2,TYPHOID AND PARATYPHOID FEVERS,2,12,2,1.0,2,2,GREEN
221,BENIGN NEOPLASM OF OTHER FEMALE GENITAL ORGANS,221,12,2,1.0,2,2,GREEN
257,TESTICULAR DYSFUNCTION,257,12,2,1.0,2,2,GREEN
263,OTHER AND UNSPECIFIED PROTEIN-CALORIE MALNUTRITION,263,12,2,1.0,2,2,GREEN
31,DISEASES DUE TO OTHER MYCOBACTERIA,31,12,2,1.0,2,2,GREEN
387,OTOSCLEROSIS,387,12,2,1.0,2,2,GREEN
391,RHEUMATIC FEVER WITH HEART INVOLVEMENT,391,12,2,1.0,2,2,GREEN
411,OTHER ACUTE AND SUBACUTE FORMS OF ISCHEMIC HEART DISEASE,411,12,2,1.0,2,2,GREEN
416,CHRONIC PULMONARY HEART DISEASE,416,12,2,1.0,2,2,GREEN
420,ACUTE PERICARDITIS,420,12,2,1.0,2,2,GREEN
454,VARICOSE VEINS OF LOWER EXTREMITIES,454,12,2,1.0,2,2,GREEN
457,NONINFECTIOUS DISORDERS OF LYMPHATIC CHANNELS,457,12,2,1.0,2,2,GREEN
477,ALLERGIC RHINITIS,477,12,2,1.0,2,2,GREEN
508,RESPIRATORY CONDITIONS DUE TO OTHER AND UNSPECIFIED EXTERNAL AGENTS,508,12,2,1.0,2,2,GREEN
577,DISEASES OF PANCREAS,577,12,2,1.0,2,2,GREEN
584,ACUTE KIDNEY FAILURE,584,12,2,1.0,2,2,GREEN
594,CALCULUS OF LOWER URINARY TRACT,594,12,2,1.0,2,2,GREEN
597,URETHRITIS NOT SEXUALLY TRANSMITTED AND URETHRAL SYNDROME,597,12,2,1.0,2,2,GREEN
604,ORCHITIS AND EPIDIDYMITIS,604,12,2,1.0,2,2,GREEN
619,FISTULA INVOLVING FEMALE GENITAL TRACT,619,12,2,1.0,2,2,GREEN
63,TICK-BORNE VIRAL ENCEPHALITIS,63,12,2,1.0,2,2,GREEN
702,OTHER DERMATOSES,702,12,2,1.0,2,2,GREEN
731,OSTEITIS DEFORMANS AND OSTEOPATHIES ASSOCIATED WITH OTHER DISORDERS CLASSIFIED ELSEWHERE,731,12,2,1.0,2,2,GREEN
766,DISORDERS RELATING TO LONG GESTATION AND HIGH BIRTHWEIGHT,766,12,2,1.0,2,2,GREEN
86,CHAGAS' DISEASE WITH HEART INVOLVEMENT,86,12,2,1.0,2,2,GREEN
921,CONTUSION OF EYE AND ADNEXA,921,12,2,1.0,2,2,GREEN
930,FOREIGN BODY ON EXTERNAL EYE,930,12,2,1.0,2,2,GREEN
939,FOREIGN BODY IN GENITOURINARY TRACT,939,12,2,1.0,2,2,GREEN
971,POISONING BY DRUGS PRIMARILY AFFECTING THE AUTONOMIC NERVOUS SYSTEM,971,12,2,1.0,2,2,GREEN
974,POISONING BY SALURETICS,974.3,12,2,1.0,2,2,GREEN
E828,ACCIDENT INVOLVING ANIMAL BEING RIDDEN,E828,12,2,1.0,2,2,GREEN
E830,ACCIDENT TO WATERCRAFT CAUSING SUBMERSION INJURING OCCUPANT OF MILITARY WATERCRAFT ANY TYPE,E830.7,12,2,1.0,2,2,GREEN
E832,OTHER ACCIDENTAL SUBMERSION OR DROWNING IN WATER TRANSPORT ACCIDENT INJURING OCCUPANT OF MILITARY WATERCRAFT ANY TYPE,E832.7,12,2,1.0,2,2,GREEN
E833,FALL ON STAIRS OR LADDERS IN WATER TRANSPORT INJURING OCCUPANT OF MILITARY WATERCRAFT ANY TYPE,E833.7,12,2,1.0,2,2,GREEN
E836,MACHINERY ACCIDENT IN WATER TRANSPORT INJURING OCCUPANT OF MILITARY WATERCRAFT ANY TYPE,E836.7,12,2,1.0,2,2,GREEN
E837,EXPLOSION FIRE OR BURNING IN WATERCRAFT INJURING OCCUPANT OF MILITARY WATERCRAFT ANY TYPE,E837.7,12,2,1.0,2,2,GREEN
E843,FALL IN ON OR FROM AIRCRAFT INJURING PARACHUTIST (MILITARY) (OTHER),E843.7,12,2,1.0,2,2,GREEN
E860,ACCIDENTAL POISONING BY ALCOHOLIC BEVERAGES,E860.0,12,2,1.0,2,2,GREEN
E861,ACCIDENTAL POISONING BY SYNTHETIC DETERGENTS AND SHAMPOOS,E861.0,12,2,1.0,2,2,GREEN
E868,ACCIDENTAL POISONING BY LIQUEFIED PETROLEUM GAS DISTRIBUTED IN MOBILE CONTAINERS,E868.0,12,2,1.0,2,2,GREEN
E870,ACCIDENTAL CUT PUNCTURE PERFORATION OR HEMORRHAGE DURING OTHER SPECIFIED MEDICAL CARE,E870.8,12,2,1.0,2,2,GREEN
E871,FOREIGN OBJECT LEFT IN BODY DURING UNSPECIFIED PROCEDURE,E871.9,12,2,1.0,2,2,GREEN
E890,EXPLOSION CAUSED BY CONFLAGRATION IN PRIVATE DWELLING,E890.0,12,2,1.0,2,2,GREEN
E938,CENTRAL NERVOUS SYSTEM MUSCLE-TONE DEPRESSANTS CAUSING ADVERSE EFFECTS IN THERAPEUTIC USE,E938.0,12,2,1.0,2,2,GREEN
E947,DIETETICS CAUSING ADVERSE EFFECTS IN THERAPEUTIC USE,E947.0,12,2,1.0,2,2,GREEN
E948,TETANUS VACCINE CAUSING ADVERSE EFFECTS IN THERAPEUTIC USE,E948.4,12,2,1.0,2,2,GREEN
E955,SUICIDE AND SELF-INFLICTED INJURY BY OTHER AND UNSPECIFIED FIREARM,E955.4,12,2,1.0,2,2,GREEN
E985,INJURY BY HANDGUN UNDETERMINED WHETHER ACCIDENTALLY OR PURPOSELY INFLICTED,E985.0,12,2,1.0,2,2,GREEN
E990,INJURY DUE TO WAR OPERATIONS BY FIRES AND CONFLAGRATIONS,E990,12,2,1.0,2,2,GREEN
V30,SINGLE LIVEBORN,V30,12,2,1.0,2,2,GREEN
V31,TWIN BIRTH MATE LIVEBORN,V31,12,2,1.0,2,2,GREEN
V34,OTHER MULTIPLE BIRTH (THREE OR MORE) MATES ALL LIVEBORN,V34,12,2,1.0,2,2,GREEN
V39,LIVEBORN UNSPECIFIED WHETHER SINGLE TWIN OR MULTIPLE,V39,12,2,1.0,2,2,GREEN
V52,FITTING AND ADJUSTMENT OF ARTIFICIAL LEG (COMPLETE) (PARTIAL),V52.1,12,2,1.0,2,2,GREEN
V79,SCREENING FOR DEPRESSION,V79.0,12,2,1.0,2,2,GREEN
137,LATE EFFECTS OF RESPIRATORY OR UNSPECIFIED TUBERCULOSIS,137,11,2,1.0,2,2,GREEN
231,CARCINOMA IN SITU OF LARYNX,231,11,2,1.0,2,2,GREEN
398,RHEUMATIC MYOCARDITIS,398,11,2,1.0,2,2,GREEN
4,SHIGELLA DYSENTERIAE,4,11,2,1.0,2,2,GREEN
445,ATHEROEMBOLISM OF UPPER EXTREMITY,445.01,11,2,1.0,2,2,GREEN
539,INFECTION DUE TO GASTRIC BAND PROCEDURE,539.01,11,2,1.0,2,2,GREEN
85,LEISHMANIASIS VISCERAL (KALA-AZAR),85,11,2,1.0,2,2,GREEN
950,OPTIC NERVE INJURY,950,11,2,1.0,2,2,GREEN
988,TOXIC EFFECT OF FISH AND SHELLFISH EATEN AS FOOD,988,11,2,1.0,2,2,GREEN
E000,CIVILIAN ACTIVITY DONE FOR INCOME OR PAY,E000.0,11,2,1.0,2,2,GREEN
E003,ICE SKATING,E003.0,11,2,1.0,2,2,GREEN
E010,EXERCISE MACHINES PRIMARILY FOR MUSCLE STRENGTHENING,E010.0,11,2,1.0,2,2,GREEN
E822,OTHER MOTOR VEHICLE NONTRAFFIC ACCIDENT INVOLVING COLLISION WITH MOVING OBJECT,E822,11,2,1.0,2,2,GREEN
E840,ACCIDENT TO POWERED AIRCRAFT AT TAKEOFF OR LANDING,E840,11,2,1.0,2,2,GREEN
E854,ACCIDENTAL POISONING BY ANTIDEPRESSANTS,E854.0,11,2,1.0,2,2,GREEN
E869,SECOND HAND TOBACCO SMOKE,E869.4,11,2,1.0,2,2,GREEN
E872,FAILURE OF STERILE PRECAUTIONS DURING INJECTION OR VACCINATION,E872.3,11,2,1.0,2,2,GREEN
E910,ACCIDENTAL DROWNING AND SUBMERSION WHILE ENGAGED IN OTHER SPORT OR RECREATIONAL ACTIVITY WITHOUT DIVING EQUIPMENT,E910.2,11,2,1.0,2,2,GREEN
E924,ACCIDENT CAUSED BY HOT LIQUIDS AND VAPORS INCLUDING STEAM,E924.0,11,2,1.0,2,2,GREEN
E943,OTHER SPECIFIED AGENTS PRIMARILY AFFECTING THE GASTRO-INTESTINAL SYSTEM CAUSING ADVERSE EFFECTS IN THERAPEUTIC USE,E943.8,11,2,1.0,2,2,GREEN
E979,TERRORISM,E979,11,2,1.0,2,2,GREEN
V56,AFTERCARE INVOLVING EXTRACORPOREAL DIALYSIS,V56.0,11,2,1.0,2,2,GREEN
126,ANCYLOSTOMIASIS DUE TO ANCYLOSTOMA DUODENALE,126,10,2,1.0,2,2,GREEN
143,MALIGNANT NEOPLASM OF GUM,143,10,2,1.0,2,2,GREEN
159,MALIGNANT NEOPLASM OF OTHER AND ILL-DEFINED SITES WITHIN THE DIGESTIVE ORGANS AND PERITONEUM,159,10,2,1.0,2,2,GREEN
163,MALIGNANT NEOPLASM OF PLEURA,163,10,2,1.0,2,2,GREEN
180,MALIGNANT NEOPLASM OF CERVIX UTERI,180,10,2,1.0,2,2,GREEN
21,ULCEROGLANDULAR TULAREMIA,21,10,2,1.0,2,2,GREEN
218,UTERINE LEIOMYOMA,218,10,2,1.0,2,2,GREEN
219,OTHER BENIGN NEOPLASM OF UTERUS,219,10,2,1.0,2,2,GREEN
266,DEFICIENCY OF B-COMPLEX COMPONENTS,266,10,2,1.0,2,2,GREEN
268,VITAMIN D DEFICIENCY,268,10,2,1.0,2,2,GREEN
27,LISTERIOSIS,27,10,2,1.0,2,2,GREEN
280,IRON DEFICIENCY ANEMIAS,280,10,2,1.0,2,2,GREEN
322,MENINGITIS OF UNSPECIFIED CAUSE,322,10,2,1.0,2,2,GREEN
33,WHOOPING COUGH,33,10,2,1.0,2,2,GREEN
350,TRIGEMINAL NERVE DISORDERS,350,10,2,1.0,2,2,GREEN
351,FACIAL NERVE DISORDERS,351,10,2,1.0,2,2,GREEN
394,DISEASES OF MITRAL VALVE,394,10,2,1.0,2,2,GREEN
395,DISEASES OF AORTIC VALVE,395,10,2,1.0,2,2,GREEN
466,ACUTE BRONCHITIS AND BRONCHIOLITIS,466,10,2,1.0,2,2,GREEN
47,MENINGITIS DUE TO ENTEROVIRUS,47,10,2,1.0,2,2,GREEN
471,NASAL POLYPS,471,10,2,1.0,2,2,GREEN
517,LUNG INVOLVEMENT IN CONDITIONS CLASSIFIED ELSEWHERE,517,10,2,1.0,2,2,GREEN
555,REGIONAL ENTERITIS,555,10,2,1.0,2,2,GREEN
603,HYDROCELE,603,10,2,1.0,2,2,GREEN
606,MALE INFERTILITY,606,10,2,1.0,2,2,GREEN
657,POLYHYDRAMNIOS,657,10,2,1.0,2,2,GREEN
672,PYREXIA OF UNKNOWN ORIGIN DURING THE PUERPERIUM,672,10,2,1.0,2,2,GREEN
693,DERMATITIS DUE TO SUBSTANCES TAKEN INTERNALLY,693,10,2,1.0,2,2,GREEN
697,LICHEN,697,10,2,1.0,2,2,GREEN
73,ORNITHOSIS,73,10,2,1.0,2,2,GREEN
798,SUDDEN DEATH CAUSE UNKNOWN,798,10,3,1.0,3,3,GREEN
83,Q FEVER,83,10,2,1.0,2,2,GREEN
843,SPRAINS AND STRAINS OF HIP AND THIGH,843,10,2,1.0,2,2,GREEN
9,ILL-DEFINED INTESTINAL INFECTIONS,9,10,2,1.0,2,2,GREEN
918,SUPERFICIAL INJURY OF EYE AND ADNEXA,918,10,2,1.0,2,2,GREEN
966,POISONING BY OXAZOLIDINE DERIVATIVES,966,10,2,1.0,2,2,GREEN
984,TOXIC EFFECT OF LEAD AND ITS COMPOUNDS (INCLUDING FUMES),984,10,2,1.0,2,2,GREEN
E804,FALL IN ON OR FROM RAILWAY TRAIN INJURING PASSENGER ON RAILWAY,E804.1,10,2,1.0,2,2,GREEN
E852,ACCIDENTAL POISONING BY OTHER SPECIFIED SEDATIVES AND HYPNOTICS,E852.8,10,2,1.0,2,2,GREEN
E864,ACCIDENTAL POISONING BY ACIDS NOT ELSEWHERE CLASSIFIED,E864.1,10,2,1.0,2,2,GREEN
E888,OTHER AND UNSPECIFIED FALL,E888,10,2,1.0,2,2,GREEN
E923,ACCIDENT CAUSED BY FIREWORKS,E923.0,10,2,1.0,2,2,GREEN
V37,OTHER MULTIPLE BIRTH (THREE OR MORE) UNSPECIFIED WHETHER MATES LIVEBORN OR STILLBORN BORN IN HOSPITAL,V37.0,10,2,1.0,2,2,GREEN
V63,RESIDENCE REMOTE FROM HOSPITAL OR OTHER HEALTH CARE FACILITY,V63.0,10,2,1.0,2,2,GREEN
V83,SYMPTOMATIC HEMOPHILIA A CARRIER,V83.02,10,2,1.0,2,2,GREEN
103,PRIMARY LESIONS OF PINTA,103,9,2,1.0,2,2,GREEN
144,MALIGNANT NEOPLASM OF ANTERIOR PORTION OF FLOOR OF MOUTH,144,9,2,1.0,2,2,GREEN
149,MALIGNANT NEOPLASM OF PHARYNX UNSPECIFIED,149,9,2,1.0,2,2,GREEN
254,PERSISTENT HYPERPLASIA OF THYMUS,254,9,2,1.0,2,2,GREEN
417,ARTERIOVENOUS FISTULA OF PULMONARY VESSELS,417,9,2,1.0,2,2,GREEN
49,NON-ARTHROPOD BORNE LYMPHOCYTIC CHORIOMENINGITIS,49,9,2,1.0,2,2,GREEN
50,VARIOLA MAJOR,50,9,2,1.0,2,2,GREEN
934,FOREIGN BODY IN TRACHEA,934,9,2,1.0,2,2,GREEN
957,INJURY TO SUPERFICIAL NERVES OF HEAD AND NECK,957,9,2,1.0,2,2,GREEN
983,TOXIC EFFECT OF CORROSIVE AROMATICS,983,9,2,1.0,2,2,GREEN
E012,KNITTING AND CROCHETING,E012.0,9,2,1.0,2,2,GREEN
E015,FOOD PREPARATION AND CLEANUP,E015.0,9,2,1.0,2,2,GREEN
E016,DIGGING RAKING AND SHOVELING,E016.0,9,2,1.0,2,2,GREEN
E018,PIANO PLAYING,E018.0,9,2,1.0,2,2,GREEN
E019,WALKING AN ANIMAL,E019.0,9,2,1.0,2,2,GREEN
E029,REFEREEING A SPORTS ACTIVITY,E029.0,9,2,1.0,2,2,GREEN
E807,RAILWAY ACCIDENT OF UNSPECIFIED NATURE INJURING RAILWAY EMPLOYEE,E807.0,9,2,1.0,2,2,GREEN
E853,ACCIDENTAL POISONING BY PHENOTHIAZINE-BASED TRANQUILIZERS,E853.0,9,2,1.0,2,2,GREEN
E862,ACCIDENTAL POISONING BY PETROLEUM FUELS AND CLEANERS,E862.1,9,2,1.0,2,2,GREEN
E874,MECHANICAL FAILURE OF INSTRUMENT OR APPARATUS DURING PROCEDURE,E874,9,2,1.0,2,2,GREEN
E893,ACCIDENT CAUSED BY IGNITION OF CLOTHING FROM CONTROLLED FIRE IN OTHER BUILDING OR STRUCTURE,E893.1,9,2,1.0,2,2,GREEN
E925,ACCIDENT CAUSED BY ELECTRIC CURRENT IN ELECTRIC POWER GENERATING PLANTS DISTRIBUTION STATIONS TRANSMISSION LINES,E925.1,9,2,1.0,2,2,GREEN
E998,INJURY DUE TO WAR OPERATIONS BUT OCCURRING AFTER CESSATION OF HOSTILITIES BY EXPLOSION OF MINES,E998.0,9,2,1.0,2,2,GREEN
V32,TWIN BIRTH MATE STILLBORN BORN IN HOSPITAL,V32.0,9,2,1.0,2,2,GREEN
V33,TWIN BIRTH UNSPECIFIED WHETHER MATE LIVEBORN OR STILLBORN BORN IN HOSPITAL,V33.0,9,2,1.0,2,2,GREEN
V35,OTHER MULTIPLE BIRTH (THREE OR MORE) MATES ALL STILL BORN IN HOSPITAL DELIVERED WITHOUT CESAREAN SECTION,V35.00,9,2,1.0,2,2,GREEN
1,CHOLERA,1,8,2,1.0,2,2,GREEN
104,OTHER SPIROCHETAL INFECTION,104,8,2,1.0,2,2,GREEN
128,TOXOCARIASIS,128,8,2,1.0,2,2,GREEN
133,ACARIASIS,133,8,2,1.0,2,2,GREEN
139,LATE EFFECTS OF OTHER INFECTIOUS AND PARASITIC DISEASES,139,8,2,1.0,2,2,GREEN
155,MALIGNANT NEOPLASM OF LIVER AND INTRAHEPATIC BILE DUCTS,155,8,2,1.0,2,2,GREEN
158,MALIGNANT NEOPLASM OF RETROPERITONEUM AND PERITONEUM,158,8,2,1.0,2,2,GREEN
165,MALIGNANT NEOPLASM OF OTHER AND ILL-DEFINED SITES WITHIN THE RESPIRATORY SYSTEM AND INTRATHORACIC ORGANS,165,8,2,1.0,2,2,GREEN
182,MALIGNANT NEOPLASM OF BODY OF UTERUS,182,8,2,1.0,2,2,GREEN
199,MALIGNANT NEOPLASM WITHOUT SPECIFICATION OF SITE,199,8,2,1.0,2,2,GREEN
229,BENIGN NEOPLASM OF OTHER AND UNSPECIFIED SITES,229,8,2,1.0,2,2,GREEN
234,CARCINOMA IN SITU OF OTHER AND UNSPECIFIED SITES,234,8,2,1.0,2,2,GREEN
241,NONTOXIC NODULAR GOITER,241,8,2,1.0,2,2,GREEN
265,THIAMINE AND NIACIN DEFICIENCY STATES,265,8,2,1.0,2,2,GREEN
318,OTHER SPECIFIED INTELLECTUAL DISABILITIES,318,8,2,1.0,2,2,GREEN
324,INTRACRANIAL AND INTRASPINAL ABSCESS,324,8,2,1.0,2,2,GREEN
397,DISEASES OF OTHER ENDOCARDIAL STRUCTURES,397,8,2,1.0,2,2,GREEN
401,ESSENTIAL HYPERTENSION,401,8,2,1.0,2,2,GREEN
413,ANGINA PECTORIS,413,8,2,1.0,2,2,GREEN
421,ACUTE AND SUBACUTE ENDOCARDITIS,421,8,2,1.0,2,2,GREEN
432,OTHER AND UNSPECIFIED INTRACRANIAL HEMORRHAGE,432,8,3,1.0,3,3,GREEN
448,DISEASE OF CAPILLARIES,448,8,2,1.0,2,2,GREEN
465,ACUTE UPPER RESPIRATORY INFECTIONS OF MULTIPLE OR UNSPECIFIED SITES,465,8,2,1.0,2,2,GREEN
472,CHRONIC PHARYNGITIS AND NASOPHARYNGITIS,472,8,2,1.0,2,2,GREEN
483,PNEUMONIA DUE TO OTHER SPECIFIED ORGANISM,483,8,2,1.0,2,2,GREEN
507,PNEUMONITIS DUE TO SOLIDS AND LIQUIDS,507,8,2,1.0,2,2,GREEN
540,ACUTE APPENDICITIS,540,8,2,1.0,2,2,GREEN
57,OTHER VIRAL EXANTHEMATA,57,8,2,1.0,2,2,GREEN
578,GASTROINTESTINAL HEMORRHAGE,578,8,2,1.0,2,2,GREEN
589,SMALL KIDNEY OF UNKNOWN CAUSE,589,8,2,1.0,2,2,GREEN
592,CALCULUS OF KIDNEY AND URETER,592,8,2,1.0,2,2,GREEN
615,INFLAMMATORY DISEASES OF UTERUS EXCEPT CERVIX,615,8,2,1.0,2,2,GREEN
703,DISEASES OF NAIL,703,8,2,1.0,2,2,GREEN
740,ANENCEPHALUS AND SIMILAR ANOMALIES,740,8,3,1.0,3,3,GREEN
76,TRACHOMA,76,8,2,1.0,2,2,GREEN
81,MURINE (ENDEMIC) TYPHUS,81,8,2,1.0,2,2,GREEN
882,OPEN WOUND OF HAND EXCEPT FINGER(S) ALONE,882,8,2,1.0,2,2,GREEN
883,OPEN WOUND OF FINGER(S),883,8,2,1.0,2,2,GREEN
884,MULTIPLE AND UNSPECIFIED OPEN WOUND OF UPPER LIMB,884,8,2,1.0,2,2,GREEN
890,OPEN WOUND OF HIP AND THIGH,890,8,2,1.0,2,2,GREEN
891,OPEN WOUND OF KNEE LEG (EXCEPT THIGH) AND ANKLE,891,8,2,1.0,2,2,GREEN
892,OPEN WOUND OF FOOT EXCEPT TOE(S) ALONE,892,8,2,1.0,2,2,GREEN
893,OPEN WOUND OF TOE(S),893,8,2,1.0,2,2,GREEN
894,MULTIPLE AND UNSPECIFIED OPEN WOUND OF LOWER LIMB,894,8,2,1.0,2,2,GREEN
896,TRAUMATIC AMPUTATION OF FOOT (COMPLETE) (PARTIAL) UNILATERAL WITHOUT COMPLICATION,896,8,2,1.0,2,2,GREEN
935,FOREIGN BODY IN MOUTH ESOPHAGUS AND STOMACH,935,8,2,1.0,2,2,GREEN
954,INJURY TO CERVICAL SYMPATHETIC NERVE EXCLUDING SHOULDER AND PELVIC GIRDLES,954,8,2,1.0,2,2,GREEN
E805,RAILWAY EMPLOYEE HIT BY ROLLING STOCK,E805.0,8,2,1.0,2,2,GREEN
E806,OTHER SPECIFIED RAILWAY ACCIDENT INJURING RAILWAY EMPLOYEE,E806.0,8,2,1.0,2,2,GREEN
E827,ANIMAL-DRAWN VEHICLE ACCIDENT INJURING OCCUPANT OF ANIMAL DRAWN VEHICLE,E827.3,8,2,1.0,2,2,GREEN
E829,OTHER ROAD VEHICLE ACCIDENTS INJURING PEDESTRIAN,E829.0,8,2,1.0,2,2,GREEN
E883,ACCIDENT FROM DIVING OR JUMPING INTO WATER (SWIMMING POOL),E883.0,8,2,1.0,2,2,GREEN
E891,UNSPECIFIED ACCIDENT RESULTING FROM CONFLAGRATION OF OTHER AND UNSPECIFIED BUILDING OR STRUCTURE,E891.9,8,2,1.0,2,2,GREEN
E904,ACCIDENT DUE TO LACK OF WATER,E904.2,8,2,1.0,2,2,GREEN
E909,ACCIDENT DUE TO CATACLYSMIC EARTH SURFACE MOVEMENTS AND ERUPTIONS,E909,8,2,1.0,2,2,GREEN
E921,ACCIDENT CAUSED BY EXPLOSION OF BOILERS,E921.0,8,2,1.0,2,2,GREEN
E936,HYDANTOIN DERIVATIVES CAUSING ADVERSE EFFECTS IN THERAPEUTIC USE,E936.1,8,2,1.0,2,2,GREEN
E941,PARASYMPATHOLYTICS (ANTICHOLINERGICS AND ANTIMUSCARINICS) AND SPASMOLYTICS CAUSING ADVERSE EFFECTS IN THERAPEUTIC USE,E941.1,8,2,1.0,2,2,GREEN
E997,INJURY DUE TO WAR OPERATIONS BY WEAPON OF MASS DESTRUCTION [WMD] UNSPECIFIED,E997.3,8,2,1.0,2,2,GREEN
V22,NORMAL PREGNANCY,V22,8,2,1.0,2,2,GREEN
V24,POSTPARTUM CARE AND EXAMINATION,V24,8,2,1.0,2,2,GREEN
116,BLASTOMYCOSIS,116,7,2,1.0,2,2,GREEN
557,ACUTE VASCULAR INSUFFICIENCY OF INTESTINE,557,7,2,1.0,2,2,GREEN
87,RELAPSING FEVER LOUSE-BORNE,87,7,2,1.0,2,2,GREEN
97,LATE SYPHILIS UNSPECIFIED,97,7,2,1.0,2,2,GREEN
E011,COMPUTER KEYBOARDING,E011.0,7,2,1.0,2,2,GREEN
E014,CAREGIVING INVOLVING BATHING,E014.0,7,2,1.0,2,2,GREEN
E800,RAILWAY ACCIDENT INVOLVING COLLISION WITH ROLLING STOCK,E800,7,2,1.0,2,2,GREEN
E801,RAILWAY ACCIDENT INVOLVING COLLISION WITH OTHER OBJECT,E801,7,2,1.0,2,2,GREEN
E802,RAILWAY ACCIDENT INVOLVING DERAILMENT WITHOUT ANTECEDENT COLLISION,E802,7,2,1.0,2,2,GREEN
E803,RAILWAY ACCIDENT INVOLVING EXPLOSION FIRE OR BURNING,E803,7,2,1.0,2,2,GREEN
E875,MISADVENTURE TO PATIENT FROM UNSPECIFIED CONTAMINATION,E875.9,7,2,1.0,2,2,GREEN
E880,ACCIDENTAL FALL ON OR FROM ESCALATOR,E880.0,7,2,1.0,2,2,GREEN
E902,ACCIDENT DUE TO CHANGES IN AIR PRESSURE DUE TO OTHER SPECIFIED CAUSES,E902.8,7,2,1.0,2,2,GREEN
E913,ACCIDENTAL MECHANICAL SUFFOCATION,E913,7,2,1.0,2,2,GREEN
E982,POISONING BY MOTOR VEHICLE EXHAUST GAS UNDETERMINED WHETHER ACCIDENTALLY OR PURPOSELY INFLICTED,E982.0,7,2,1.0,2,2,GREEN
175,MALIGNANT NEOPLASM OF MALE BREAST,175,6,2,1.0,2,2,GREEN
186,MALIGNANT NEOPLASM OF TESTIS,186,6,2,1.0,2,2,GREEN
240,SIMPLE AND UNSPECIFIED GOITER,240,6,2,1.0,2,2,GREEN
26,STREPTOBACILLARY FEVER,26.1,6,2,1.0,2,2,GREEN
332,PARKINSON'S DISEASE,332,6,2,1.0,2,2,GREEN
34,STREPTOCOCCAL SORE THROAT AND SCARLET FEVER,34,6,2,1.0,2,2,GREEN
476,CHRONIC LARYNGITIS AND LARYNGOTRACHEITIS,476,6,2,1.0,2,2,GREEN
492,EMPHYSEMA,492,6,2,1.0,2,2,GREEN
494,BRONCHIECTASIS,494,6,2,1.0,2,2,GREEN
510,EMPYEMA,510,6,3,1.0,3,3,GREEN
513,ABSCESS OF LUNG AND MEDIASTINUM,513,6,2,1.0,2,2,GREEN
543,OTHER DISEASES OF APPENDIX,543,6,2,1.0,2,2,GREEN
565,ANAL FISSURE AND FISTULA,565,6,2,1.0,2,2,GREEN
612,DEFORMITY AND DISPROPORTION OF RECONSTRUCTED BREAST,612,6,2,1.0,2,2,GREEN
631,OTHER ABNORMAL PRODUCT OF CONCEPTION,631,6,2,1.0,2,2,GREEN
685,PILONIDAL CYST,685,6,2,1.0,2,2,GREEN
691,ATOPIC DERMATITIS AND RELATED CONDITIONS,691,6,2,1.0,2,2,GREEN
809,ILL-DEFINED FRACTURES OF BONES OF TRUNK,809,6,2,1.0,2,2,GREEN
818,ILL-DEFINED FRACTURES OF UPPER LIMB,818,6,2,1.0,2,2,GREEN
822,FRACTURE OF PATELLA,822,6,2,1.0,2,2,GREEN
826,FRACTURE OF ONE OR MORE PHALANGES OF FOOT,826,6,2,1.0,2,2,GREEN
827,OTHER MULTIPLE AND ILL-DEFINED FRACTURES OF LOWER LIMB,827,6,2,1.0,2,2,GREEN
828,MULTIPLE FRACTURES INVOLVING BOTH LOWER LIMBS LOWER WITH UPPER LIMB AND LOWER LIMB(S) WITH RIB(S) AND STERNUM,828,6,2,1.0,2,2,GREEN
829,FRACTURE OF UNSPECIFIED BONES,829,6,2,1.0,2,2,GREEN
830,DISLOCATION OF JAW,830,6,2,1.0,2,2,GREEN
837,DISLOCATION OF ANKLE,837,6,2,1.0,2,2,GREEN
875,OPEN WOUND OF CHEST (WALL),875,6,2,1.0,2,2,GREEN
876,OPEN WOUND OF BACK,876,6,2,1.0,2,2,GREEN
877,OPEN WOUND OF BUTTOCK,877,6,2,1.0,2,2,GREEN
885,TRAUMATIC AMPUTATION OF THUMB (COMPLETE) (PARTIAL),885,6,2,1.0,2,2,GREEN
886,TRAUMATIC AMPUTATION OF OTHER FINGER(S) (COMPLETE) (PARTIAL),886,6,2,1.0,2,2,GREEN
895,TRAUMATIC AMPUTATION OF TOE(S) (COMPLETE) (PARTIAL),895,6,2,1.0,2,2,GREEN
925,CRUSHING INJURY OF FACE SCALP AND NECK,925,6,2,1.0,2,2,GREEN
929,CRUSHING INJURY OF MULTIPLE AND UNSPECIFIED SITES,929,6,2,1.0,2,2,GREEN
933,FOREIGN BODY IN PHARYNX AND LARYNX,933,6,2,1.0,2,2,GREEN
E842,ACCIDENT TO UNPOWERED AIRCRAFT INJURING OCCUPANT OF UNPOWERED AIRCRAFT EXCEPT PARACHUTIST,E842.6,6,2,1.0,2,2,GREEN
E881,ACCIDENTAL FALL ON OR FROM LADDERS OR SCAFFOLDING,E881,6,2,1.0,2,2,GREEN
E900,ACCIDENT CAUSED BY EXCESSIVE HEAT DUE TO WEATHER CONDITIONS,E900.0,6,2,1.0,2,2,GREEN
E901,ACCIDENT DUE TO EXCESSIVE COLD DUE TO WEATHER CONDITIONS,E901.0,6,2,1.0,2,2,GREEN
E952,SUICIDE AND SELF-INFLICTED POISONING BY OTHER CARBON MONOXIDE,E952.1,6,2,1.0,2,2,GREEN
E960,FIGHT BRAWL RAPE,E960,6,2,1.0,2,2,GREEN
E987,FALLING FROM UNSPECIFIED SITE UNDETERMINED WHETHER ACCIDENTALLY OR PURPOSELY INFLICTED,E987.9,6,2,1.0,2,2,GREEN
V36,OTHER MULTIPLE BIRTH (THREE OR MORE) MATES LIVEBORN AND STILLBORN,V36,6,2,1.0,2,2,GREEN
V51,AFTERCARE INVOLVING THE USE OF PLASTIC SURGERY,V51,6,2,1.0,2,2,GREEN
392,RHEUMATIC CHOREA WITH HEART INVOLVEMENT,392,5,2,1.0,2,2,GREEN
60,YELLOW FEVER UNSPECIFIED,60.9,5,2,1.0,2,2,GREEN
817,MULTIPLE CLOSED FRACTURES OF HAND BONES,817,5,2,1.0,2,2,GREEN
819,MULTIPLE CLOSED FRACTURES INVOLVING BOTH UPPER LIMBS AND UPPER LIMB WITH RIB(S) AND STERNUM,819,5,2,1.0,2,2,GREEN
869,INTERNAL INJURY TO UNSPECIFIED OR ILL-DEFINED ORGANS WITHOUT OPEN WOUND INTO CAVITY,869,5,2,1.0,2,2,GREEN
92,EARLY SYPHILIS LATENT SEROLOGICAL RELAPSE AFTER TREATMENT,92,5,2,1.0,2,2,GREEN
E001,"WALKING, MARCHING AND HIKING",E001.0,5,2,1.0,2,2,GREEN
E017,ROLLER COASTER RIDING,E017.0,5,2,1.0,2,2,GREEN
E886,ACCIDENTAL FALL ON SAME LEVEL FROM COLLISION PUSHING OR SHOVING BY OR WITH OTHER PERSON IN SPORTS,E886.0,5,2,1.0,2,2,GREEN
E940,CENTRAL NERVOUS SYSTEM STIMULANTS CAUSING ADVERSE EFFECTS IN THERAPEUTIC USE,E940,5,2,1.0,2,2,GREEN
E953,SUICIDE AND SELF-INFLICTED INJURY BY HANGING STRANGULATION AND SUFFOCATION,E953,5,2,1.0,2,2,GREEN
E957,SUICIDE AND SELF-INFLICTED INJURIES BY JUMPING FROM HIGH PLACE,E957,5,2,1.0,2,2,GREEN
E962,ASSAULT BY POISONING,E962,5,2,1.0,2,2,GREEN
E981,POISONING BY GAS DISTRIBUTED BY PIPELINE UNDETERMINED WHETHER ACCIDENTALLY OR PURPOSELY INFLICTED,E981.0,5,2,1.0,2,2,GREEN
E983,HANGING STRANGULATION OR SUFFOCATION UNDETERMINED WHETHER ACCIDENTALLY OR PURPOSELY INFLICTED,E983,5,2,1.0,2,2,GREEN
V86,ESTROGEN RECEPTOR POSITIVE STATUS [ER+],V86.0,5,2,1.0,2,2,GREEN
209,NEUROENDOCRINE TUMORS,209,130,3,0.5230769230769231,3,"2,3",RED
66,OTHER ARTHROPOD-BORNE VIRAL DISEASES,66,24,2,0.5833333333333334,3,"2,3",RED
777,MECONIUM OBSTRUCTION IN FETUS OR NEWBORN,777.1,24,2,0.5,3,"2,3",RED
E845,ACCIDENT INVOLVING SPACECRAFT,E845,4,2,1.0,2,2,RED
E898,ACCIDENT CAUSED BY OTHER BURNING MATERIALS,E898.1,4,2,1.0,2,2,RED
E951,SUICIDE AND SELF-INFLICTED POISONING BY GASES IN DOMESTIC USE,E951,4,2,1.0,2,2,RED
E999,LATE EFFECT OF INJURY DUE TO WAR OPERATIONS AND TERRORISM,E999,3,2,1.0,2,2,RED
101,VINCENT'S ANGINA,101,2,2,1.0,2,2,RED
118,OPPORTUNISTIC MYCOSES,118,2,2,1.0,2,2,RED
124,TRICHINOSIS,124,2,2,1.0,2,2,RED
129,INTESTINAL PARASITISM UNSPECIFIED,129,2,2,1.0,2,2,RED
135,SARCOIDOSIS,135,2,2,1.0,2,2,RED
138,LATE EFFECTS OF ACUTE POLIOMYELITIS,138,2,2,1.0,2,2,RED
179,MALIGNANT NEOPLASM OF UTERUS-PART UNS,179,2,2,1.0,2,2,RED
181,MALIGNANT NEOPLASM OF PLACENTA,181,2,2,1.0,2,2,RED
185,MALIGNANT NEOPLASM OF PROSTATE,185,2,2,1.0,2,2,RED
193,MALIGNANT NEOPLASM OF THYROID GLAND,193,2,2,1.0,2,2,RED
217,BENIGN NEOPLASM OF BREAST,217,2,2,1.0,2,2,RED
220,BENIGN NEOPLASM OF OVARY,220,2,2,1.0,2,2,RED
226,BENIGN NEOPLASM OF THYROID GLANDS,226,2,2,1.0,2,2,RED
24,GLANDERS,24,2,2,1.0,2,2,RED
243,CONGENITAL HYPOTHYROIDISM,243,2,2,1.0,2,2,RED
25,MELIOIDOSIS,25,2,2,1.0,2,2,RED
260,KWASHIORKOR,260,2,2,1.0,2,2,RED
261,NUTRITIONAL MARASMUS,261,2,2,1.0,2,2,RED
262,OTHER SEVERE PROTEIN-CALORIE MALNUTRITION,262,2,2,1.0,2,2,RED
267,ASCORBIC ACID DEFICIENCY,267,2,2,1.0,2,2,RED
311,DEPRESSIVE DISORDER NOT ELSEWHERE CLASSIFIED,311,2,2,1.0,2,2,RED
316,PSYCHIC FACTORS ASSOCIATED WITH DISEASES CLASSIFIED ELSEWHERE,316,2,2,1.0,2,2,RED
317,MILD INTELLECTUAL DISABILITIES,317,2,2,1.0,2,2,RED
319,UNSPECIFIED INTELLECTUAL DISABILITIES,319,2,2,1.0,2,2,RED
325,PHLEBITIS AND THROMBOPHLEBITIS OF INTRACRANIAL VENOUS SINUSES,325,2,2,1.0,2,2,RED
326,LATE EFFECTS OF INTRACRANIAL ABSCESS OR PYOGENIC INFECTION,326,2,2,1.0,2,2,RED
340,MULTIPLE SCLEROSIS,340,2,3,1.0,3,3,RED
35,ERYSIPELAS,35,2,2,1.0,2,2,RED
37,TETANUS,37,2,3,1.0,3,3,RED
390,RHEUMATIC FEVER WITHOUT HEART INVOLVEMENT,390,2,2,1.0,2,2,RED
393,CHRONIC RHEUMATIC PERICARDITIS,393,2,2,1.0,2,2,RED
412,OLD MYOCARDIAL INFARCTION,412,2,2,1.0,2,2,RED
42,HUMAN IMMUNODEFICIENCY VIRUS (HIV) DISEASE,42,2,3,1.0,3,3,RED
430,SUBARACHNOID HEMORRHAGE,430,2,3,1.0,3,3,RED
431,INTRACEREBRAL HEMORRHAGE,431,2,3,1.0,3,3,RED
436,ACUTE BUT ILL-DEFINED CEREBROVASCULAR DISEASE,436,2,2,1.0,2,2,RED
449,SEPTIC ARTERIAL EMBOLISM,449,2,2,1.0,2,2,RED
452,PORTAL VEIN THROMBOSIS,452,2,2,1.0,2,2,RED
460,ACUTE NASOPHARYNGITIS (COMMON COLD),460,2,2,1.0,2,2,RED
462,ACUTE PHARYNGITIS,462,2,2,1.0,2,2,RED
463,ACUTE TONSILLITIS,463,2,2,1.0,2,2,RED
470,DEVIATED NASAL SEPTUM,470,2,2,1.0,2,2,RED
475,PERITONSILLAR ABSCESS,475,2,2,1.0,2,2,RED
48,OTHER ENTEROVIRUS DISEASES OF CENTRAL NERVOUS SYSTEM,48,2,2,1.0,2,2,RED
481,PNEUMOCOCCAL PNEUMONIA [STREPTOCOCCUS PNEUMONIAE PNEUMONIA],481,2,2,1.0,2,2,RED
485,BRONCHOPNEUMONIA ORGANISM UNSPECIFIED,485,2,2,1.0,2,2,RED
486,PNEUMONIA ORGANISM UNSPECIFIED,486,2,2,1.0,2,2,RED
490,BRONCHITIS NOT SPECIFIED AS ACUTE OR CHRONIC,490,2,2,1.0,2,2,RED
496,CHRONIC AIRWAY OBSTRUCTION NOT ELSEWHERE CLASSIFIED,496,2,2,1.0,2,2,RED
500,COAL WORKERS' PNEUMOCONIOSIS,500,2,2,1.0,2,2,RED
501,ASBESTOSIS,501,2,2,1.0,2,2,RED
502,PNEUMOCONIOSIS DUE TO OTHER SILICA OR SILICATES,502,2,2,1.0,2,2,RED
503,PNEUMOCONIOSIS DUE TO OTHER INORGANIC DUST,503,2,2,1.0,2,2,RED
504,PNEUMONOPATHY DUE TO INHALATION OF OTHER DUST,504,2,2,1.0,2,2,RED
505,PNEUMOCONIOSIS UNSPECIFIED,505,2,2,1.0,2,2,RED
514,PULMONARY CONGESTION AND HYPOSTASIS,514,2,2,1.0,2,2,RED
515,POSTINFLAMMATORY PULMONARY FIBROSIS,515,2,2,1.0,2,2,RED
538,GASTROINTESTINAL MUCOSITIS (ULCERATIVE),538,2,2,1.0,2,2,RED
541,APPENDICITIS UNQUALIFIED,541,2,2,1.0,2,2,RED
542,OTHER APPENDICITIS,542,2,2,1.0,2,2,RED
566,ABSCESS OF ANAL AND RECTAL REGIONS,566,2,2,1.0,2,2,RED
570,ACUTE AND SUBACUTE NECROSIS OF LIVER,570,2,2,1.0,2,2,RED
586,RENAL FAILURE UNSPECIFIED,586,2,2,1.0,2,2,RED
587,RENAL SCLEROSIS UNSPECIFIED,587,2,2,1.0,2,2,RED
591,HYDRONEPHROSIS,591,2,2,1.0,2,2,RED
605,REDUNDANT PREPUCE AND PHIMOSIS,605,2,2,1.0,2,2,RED
61,DENGUE,61,2,2,1.0,2,2,RED
630,HYDATIDIFORM MOLE,630,2,2,1.0,2,2,RED
632,MISSED ABORTION,632,2,2,1.0,2,2,RED
64,VIRAL ENCEPHALITIS TRANSMITTED BY OTHER AND UNSPECIFIED ARTHROPODS,64,2,2,1.0,2,2,RED
650,NORMAL DELIVERY,650,2,2,1.0,2,2,RED
677,LATE EFFECT OF COMPLICATION OF PREGNANCY CHILDBIRTH THE PUERPERIUM,677,2,2,1.0,2,2,RED
683,ACUTE LYMPHADENITIS,683,2,2,1.0,2,2,RED
684,IMPETIGO,684,2,2,1.0,2,2,RED
700,CORNS AND CALLOSITIES,700,2,2,1.0,2,2,RED
71,RABIES,71,2,2,1.0,2,2,RED
725,POLYMYALGIA RHEUMATICA,725,2,2,1.0,2,2,RED
734,FLAT FOOT,734,2,2,1.0,2,2,RED
75,INFECTIOUS MONONUCLEOSIS,75,2,2,1.0,2,2,RED
769,RESPIRATORY DISTRESS SYNDROME IN NEWBORN,769,2,2,1.0,2,2,RED
797,SENILITY WITHOUT PSYCHOSIS,797,2,2,1.0,2,2,RED
80,LOUSE-BORNE (EPIDEMIC) TYPHUS,80,2,2,1.0,2,2,RED
920,CONTUSION OF FACE SCALP AND NECK EXCEPT EYE(S),920,2,2,1.0,2,2,RED
931,FOREIGN BODY IN EAR,931,2,2,1.0,2,2,RED
932,FOREIGN BODY IN NOSE,932,2,2,1.0,2,2,RED
936,FOREIGN BODY IN INTESTINE AND COLON,936,2,2,1.0,2,2,RED
937,FOREIGN BODY IN ANUS AND RECTUM,937,2,2,1.0,2,2,RED
938,FOREIGN BODY IN DIGESTIVE SYSTEM UNSPECIFIED,938,2,2,1.0,2,2,RED
96,LATE SYPHILIS LATENT,96,2,2,1.0,2,2,RED
981,TOXIC EFFECT OF PETROLEUM PRODUCTS,981,2,2,1.0,2,2,RED
986,TOXIC EFFECT OF CARBON MONOXIDE,986,2,2,1.0,2,2,RED
990,EFFECTS OF RADIATION UNSPECIFIED,990,2,2,1.0,2,2,RED
E030,UNSPECIFIED ACTIVITY,E030,2,2,1.0,2,2,RED
E848,ACCIDENTS INVOLVING OTHER VEHICLES NOT ELSEWHERE CLASSIFIABLE,E848,2,2,1.0,2,2,RED
E851,ACCIDENTAL POISONING BY BARBITURATES,E851,2,2,1.0,2,2,RED
E857,ACCIDENTAL POISONING BY OTHER ANTI-INFECTIVES,E857,2,2,1.0,2,2,RED
E867,ACCIDENTAL POISONING BY GAS DISTRIBUTED BY PIPELINE,E867,2,2,1.0,2,2,RED
E882,ACCIDENTAL FALL FROM OR OUT OF BUILDING OR OTHER STRUCTURE,E882,2,2,1.0,2,2,RED
E887,FRACTURE CAUSE UNSPECIFIED,E887,2,2,1.0,2,2,RED
E892,CONFLAGRATION NOT IN BUILDING OR STRUCTURE,E892,2,2,1.0,2,2,RED
E894,IGNITION OF HIGHLY INFLAMMABLE MATERIAL,E894,2,2,1.0,2,2,RED
E895,ACCIDENT CAUSED BY CONTROLLED FIRE IN PRIVATE DWELLING,E895,2,2,1.0,2,2,RED
E896,ACCIDENT CAUSED BY CONTROLLED FIRE IN OTHER AND UNSPECIFIED BUILDING OR STRUCTURE,E896,2,2,1.0,2,2,RED
E897,ACCIDENT CAUSED BY CONTROLLED FIRE NOT IN BUILDING OR STRUCTURE,E897,2,2,1.0,2,2,RED
E899,ACCIDENT CAUSED BY UNSPECIFIED FIRE,E899,2,2,1.0,2,2,RED
E903,ACCIDENT CAUSED BY TRAVEL AND MOTION,E903,2,2,1.0,2,2,RED
E907,ACCIDENT DUE TO LIGHTNING,E907,2,2,1.0,2,2,RED
E911,INHALATION AND INGESTION OF FOOD CAUSING OBSTRUCTION OF RESPIRATORY TRACT OR SUFFOCATION,E911,2,2,1.0,2,2,RED
E912,INHALATION AND INGESTION OF OTHER OBJECT CAUSING OBSTRUCTION OF RESPIRATORY TRACT OR SUFFOCATION,E912,2,2,1.0,2,2,RED
E914,FOREIGN BODY ACCIDENTALLY ENTERING EYE AND ADNEXA,E914,2,2,1.0,2,2,RED
E915,FOREIGN BODY ACCIDENTALLY ENTERING OTHER ORIFICE,E915,2,2,1.0,2,2,RED
E916,STRUCK ACCIDENTALLY BY FALLING OBJECT,E916,2,2,1.0,2,2,RED
E918,CAUGHT ACCIDENTALLY IN OR BETWEEN OBJECTS,E918,2,2,1.0,2,2,RED
E954,SUICIDE AND SELF-INFLICTED INJURY BY SUBMERSION (DROWNING),E954,2,2,1.0,2,2,RED
E956,SUICIDE AND SELF-INFLICTED INJURY BY CUTTING AND PIERCING INSTRUMENT,E956,2,2,1.0,2,2,RED
E961,ASSAULT BY CORROSIVE OR CAUSTIC SUBSTANCE EXCEPT POISONING,E961,2,2,1.0,2,2,RED
E966,ASSAULT BY CUTTING AND PIERCING INSTRUMENT,E966,2,2,1.0,2,2,RED
E970,INJURY DUE TO LEGAL INTERVENTION BY FIREARMS,E970,2,2,1.0,2,2,RED
E974,INJURY DUE TO LEGAL INTERVENTION BY CUTTING AND PIERCING INSTRUMENT,E974,2,2,1.0,2,2,RED
E975,INJURY DUE TO LEGAL INTERVENTION BY OTHER SPECIFIED MEANS,E975,2,2,1.0,2,2,RED
E977,LATE EFFECTS OF INJURIES DUE TO LEGAL INTERVENTION,E977,2,2,1.0,2,2,RED
E984,SUBMERSION (DROWNING) UNDETERMINED WHETHER ACCIDENTALLY OR PURPOSELY INFLICTED,E984,2,2,1.0,2,2,RED
E986,INJURY BY CUTTING AND PIERCING INSTRUMENTS UNDETERMINED WHETHER ACCIDENTALLY OR PURPOSELY INFLICTED,E986,2,2,1.0,2,2,RED
E989,LATE EFFECTS OF INJURY UNDETERMINED WHETHER ACCIDENTALLY OR PURPOSELY INFLICTED,E989,2,2,1.0,2,2,RED
V08,ASYMPTOMATIC HUMAN IMMUNODEFICIENCY VIRUS (HIV) INFECTION STATUS,V08,2,2,1.0,2,2,RED
E846,ACCIDENTS INVOLVING POWERED VEHICLES USED SOLELY WITHIN THE BUILDINGS AND PREMISES OF INDUSTRIAL OR COMMERCIAL ESTABLISHMENT,E846,1,2,1.0,2,2,RED
E847,ACCIDENTS INVOLVING CABLE CARS NOT RUNNING ON RAILS,E847,1,2,1.0,2,2,RED
E856,ACCIDENTAL POISONING BY ANTIBIOTICS,E856,1,2,1.0,2,2,RED
E959,LATE EFFECTS OF SELF-INFLICTED INJURY,E959,1,2,1.0,2,2,RED
E963,ASSAULT BY HANGING AND STRANGULATION,E963,1,2,1.0,2,2,RED
E964,ASSAULT BY SUBMERSION (DROWNING),E964,1,2,1.0,2,2,RED
E969,LATE EFFECTS OF INJURY PURPOSELY INFLICTED BY OTHER PERSON,E969,1,2,1.0,2,2,RED
E971,INJURY DUE TO LEGAL INTERVENTION BY EXPLOSIVES,E971,1,2,1.0,2,2,RED
E972,INJURY DUE TO LEGAL INTERVENTION BY GAS,E972,1,2,1.0,2,2,RED
E973,INJURY DUE TO LEGAL INTERVENTION BY BLUNT OBJECT,E973,1,2,1.0,2,2,RED
E976,INJURY DUE TO LEGAL INTERVENTION BY UNSPECIFIED MEANS,E976,1,2,1.0,2,2,RED
E978,LEGAL EXECUTION,E978,1,2,1.0,2,2,RED
